term_id,contract_id,customer_id,product_id,effective_date,expiration_date,price_formula,base_index_code,index_adjustment,fixed_price,floor_price,ceiling_price,min_volume_mt,max_volume_mt,volume_tier_1_mt,volume_tier_1_discount,volume_tier_2_mt,volume_tier_2_discount,payment_terms_days,early_pay_discount_pct,contract_status,contract_type
1,CTR-00001,CUST-00001,MEG-001,2025-08-26,2026-08-26,PP-DEL-USG + $75/MT,PP-DEL-USG,75,,787.5,1125.0,117.0,351.0,175.5,2,292.5,4,30,0,ACTIVE,ANNUAL
2,CTR-00001,CUST-00001,BUT-001,2025-09-16,2026-09-16,ETH-DEL-USG + $30/MT,ETH-DEL-USG,30,,1260.0,1800.0,117.0,351.0,175.5,2,292.5,4,30,0,ACTIVE,MULTI_YEAR
3,CTR-00001,CUST-00001,STY-001,2025-08-22,2026-08-22,ETH-DEL-USG + $30/MT,ETH-DEL-USG,30,,1207.5,1725.0,117.0,351.0,175.5,2,292.5,4,30,0,ACTIVE,ANNUAL
4,CTR-00001,CUST-00001,MMA-001,2025-02-24,2026-02-24,PP-DEL-USG + $30/MT,PP-DEL-USG,30,,1680.0,2400.0,117.0,351.0,175.5,2,292.5,4,30,0,ACTIVE,ANNUAL
5,CTR-00003,CUST-00003,PS-001,2025-06-10,2026-06-10,ETH-DEL-USG + $75/MT,ETH-DEL-USG,75,,1312.5,1875.0,658.0,1974.0,987.0,2,1645.0,4,45,1,ACTIVE,MULTI_YEAR
6,CTR-00003,CUST-00003,PP-HOMO,2025-12-18,2026-12-18,ETH-DEL-USG + $-25/MT,ETH-DEL-USG,-25,,1470.0,2100.0,658.0,1974.0,987.0,2,1645.0,4,45,1,ACTIVE,MULTI_YEAR
7,CTR-00003,CUST-00003,MEG-001,2025-10-21,2026-10-21,PP-DEL-USG + $-25/MT,PP-DEL-USG,-25,,787.5,1125.0,658.0,1974.0,987.0,2,1645.0,4,45,1,ACTIVE,ANNUAL
8,CTR-00003,CUST-00003,STY-001,2025-10-27,2026-10-27,BEN-FOB-USG + $100/MT,BEN-FOB-USG,100,,1207.5,1725.0,658.0,1974.0,987.0,2,1645.0,4,45,1,ACTIVE,MULTI_YEAR
9,CTR-00003,CUST-00003,ETH-001,2025-01-31,2026-01-31,PP-DEL-USG + $-25/MT,PP-DEL-USG,-25,,997.5,1425.0,658.0,1974.0,987.0,2,1645.0,4,45,1,ACTIVE,MULTI_YEAR
10,CTR-00004,CUST-00004,XYL-001,2025-03-04,2026-03-04,ETH-DEL-USG + $100/MT,ETH-DEL-USG,100,,924.0,1320.0,228.0,684.0,342.0,2,570.0,4,30,0,ACTIVE,ANNUAL
11,CTR-00004,CUST-00004,LLDPE-001,2025-11-04,2026-11-04,BEN-FOB-USG + $30/MT,BEN-FOB-USG,30,,1344.0,1920.0,228.0,684.0,342.0,2,570.0,4,30,0,ACTIVE,MULTI_YEAR
12,CTR-00005,CUST-00005,STY-001,2025-05-09,2026-05-09,PP-DEL-USG + $100/MT,PP-DEL-USG,100,,1207.5,1725.0,42.0,126.0,63.0,2,105.0,4,30,0,ACTIVE,MULTI_YEAR
13,CTR-00005,CUST-00005,PS-001,2025-11-24,2026-11-24,PP-DEL-USG + $30/MT,PP-DEL-USG,30,,1312.5,1875.0,42.0,126.0,63.0,2,105.0,4,30,0,ACTIVE,MULTI_YEAR
14,CTR-00005,CUST-00005,PP-COPOLY,2025-11-03,2026-11-03,PP-DEL-USG + $75/MT,PP-DEL-USG,75,,1522.5,2175.0,42.0,126.0,63.0,2,105.0,4,30,0,ACTIVE,MULTI_YEAR
15,CTR-00005,CUST-00005,DEG-001,2025-09-17,2026-09-17,BEN-FOB-USG + $30/MT,BEN-FOB-USG,30,,840.0,1200.0,42.0,126.0,63.0,2,105.0,4,30,0,ACTIVE,MULTI_YEAR
16,CTR-00005,CUST-00005,PP-001,2025-02-27,2026-02-27,PP-DEL-USG + $50/MT,PP-DEL-USG,50,,1155.0,1650.0,42.0,126.0,63.0,2,105.0,4,30,0,ACTIVE,ANNUAL
17,CTR-00006,CUST-00006,BEN-001,2025-07-09,2026-07-09,ETH-DEL-USG + $30/MT,ETH-DEL-USG,30,,945.0,1350.0,85.0,255.0,127.5,2,212.5,4,45,1,ACTIVE,MULTI_YEAR
18,CTR-00006,CUST-00006,LDPE-001,2025-10-19,2026-10-19,PP-DEL-USG + $100/MT,PP-DEL-USG,100,,1417.5,2025.0,85.0,255.0,127.5,2,212.5,4,45,1,ACTIVE,ANNUAL
19,CTR-00006,CUST-00006,PS-001,2025-04-09,2026-04-09,PP-DEL-USG + $75/MT,PP-DEL-USG,75,,1312.5,1875.0,85.0,255.0,127.5,2,212.5,4,45,1,ACTIVE,ANNUAL
20,CTR-00006,CUST-00006,STY-001,2025-11-10,2026-11-10,PP-DEL-USG + $-25/MT,PP-DEL-USG,-25,,1207.5,1725.0,85.0,255.0,127.5,2,212.5,4,45,1,ACTIVE,MULTI_YEAR
21,CTR-00006,CUST-00006,ACN-001,2025-12-14,2026-12-14,BEN-FOB-USG + $50/MT,BEN-FOB-USG,50,,1470.0,2100.0,85.0,255.0,127.5,2,212.5,4,45,1,ACTIVE,ANNUAL
22,CTR-00007,CUST-00007,ACN-001,2025-11-13,2026-11-13,BEN-FOB-USG + $100/MT,BEN-FOB-USG,100,,1470.0,2100.0,30.0,90.0,45.0,2,75.0,4,45,1,ACTIVE,MULTI_YEAR
23,CTR-00007,CUST-00007,MEG-001,2025-10-22,2026-10-22,BEN-FOB-USG + $100/MT,BEN-FOB-USG,100,,787.5,1125.0,30.0,90.0,45.0,2,75.0,4,45,1,ACTIVE,ANNUAL
24,CTR-00008,CUST-00008,HDPE-001,2025-04-15,2026-04-15,BEN-FOB-USG + $50/MT,BEN-FOB-USG,50,,1365.0,1950.0,503.0,1509.0,754.5,2,1257.5,4,30,0,ACTIVE,ANNUAL
25,CTR-00008,CUST-00008,PP-HOMO,2025-04-05,2026-04-05,PP-DEL-USG + $100/MT,PP-DEL-USG,100,,1470.0,2100.0,503.0,1509.0,754.5,2,1257.5,4,30,0,ACTIVE,ANNUAL
26,CTR-00012,CUST-00012,MMA-001,2025-10-15,2026-10-15,BEN-FOB-USG + $75/MT,BEN-FOB-USG,75,,1680.0,2400.0,876.0,2628.0,1314.0,2,2190.0,4,30,0,ACTIVE,ANNUAL
27,CTR-00012,CUST-00012,MEG-001,2025-06-23,2026-06-23,BEN-FOB-USG + $-25/MT,BEN-FOB-USG,-25,,787.5,1125.0,876.0,2628.0,1314.0,2,2190.0,4,30,0,ACTIVE,MULTI_YEAR
28,CTR-00012,CUST-00012,ACN-001,2025-04-09,2026-04-09,BEN-FOB-USG + $100/MT,BEN-FOB-USG,100,,1470.0,2100.0,876.0,2628.0,1314.0,2,2190.0,4,30,0,ACTIVE,ANNUAL
29,CTR-00012,CUST-00012,PP-001,2025-02-13,2026-02-13,PP-DEL-USG + $30/MT,PP-DEL-USG,30,,1155.0,1650.0,876.0,2628.0,1314.0,2,2190.0,4,30,0,ACTIVE,ANNUAL
30,CTR-00022,CUST-00022,DEG-001,2025-08-07,2026-08-07,ETH-DEL-USG + $100/MT,ETH-DEL-USG,100,,840.0,1200.0,38.0,114.0,57.0,2,95.0,4,30,0,ACTIVE,MULTI_YEAR
31,CTR-00022,CUST-00022,ETH-001,2025-08-27,2026-08-27,BEN-FOB-USG + $100/MT,BEN-FOB-USG,100,,997.5,1425.0,38.0,114.0,57.0,2,95.0,4,30,0,ACTIVE,MULTI_YEAR
32,CTR-00022,CUST-00022,BEN-001,2025-11-08,2026-11-08,PP-DEL-USG + $75/MT,PP-DEL-USG,75,,945.0,1350.0,38.0,114.0,57.0,2,95.0,4,30,0,ACTIVE,ANNUAL
33,CTR-00022,CUST-00022,PVC-001,2025-03-24,2026-03-24,BEN-FOB-USG + $50/MT,BEN-FOB-USG,50,,1155.0,1650.0,38.0,114.0,57.0,2,95.0,4,30,0,ACTIVE,ANNUAL
34,CTR-00022,CUST-00022,LDPE-001,2025-08-04,2026-08-04,BEN-FOB-USG + $100/MT,BEN-FOB-USG,100,,1417.5,2025.0,38.0,114.0,57.0,2,95.0,4,30,0,ACTIVE,ANNUAL
35,CTR-00023,CUST-00023,ACN-001,2025-09-17,2026-09-17,ETH-DEL-USG + $75/MT,ETH-DEL-USG,75,,1470.0,2100.0,86.0,258.0,129.0,2,215.0,4,30,0,ACTIVE,MULTI_YEAR
36,CTR-00023,CUST-00023,MEG-001,2025-03-11,2026-03-11,PP-DEL-USG + $100/MT,PP-DEL-USG,100,,787.5,1125.0,86.0,258.0,129.0,2,215.0,4,30,0,ACTIVE,MULTI_YEAR
37,CTR-00023,CUST-00023,PS-001,2025-06-22,2026-06-22,ETH-DEL-USG + $75/MT,ETH-DEL-USG,75,,1312.5,1875.0,86.0,258.0,129.0,2,215.0,4,30,0,ACTIVE,ANNUAL
38,CTR-00023,CUST-00023,STY-001,2025-12-19,2026-12-19,ETH-DEL-USG + $50/MT,ETH-DEL-USG,50,,1207.5,1725.0,86.0,258.0,129.0,2,215.0,4,30,0,ACTIVE,MULTI_YEAR
39,CTR-00025,CUST-00025,DEG-001,2025-08-21,2026-08-21,ETH-DEL-USG + $75/MT,ETH-DEL-USG,75,,840.0,1200.0,152.0,456.0,228.0,2,380.0,4,30,0,ACTIVE,ANNUAL
40,CTR-00025,CUST-00025,TOL-001,2025-02-11,2026-02-11,BEN-FOB-USG + $100/MT,BEN-FOB-USG,100,,892.5,1275.0,152.0,456.0,228.0,2,380.0,4,30,0,ACTIVE,ANNUAL
41,CTR-00025,CUST-00025,MEG-001,2025-06-19,2026-06-19,PP-DEL-USG + $100/MT,PP-DEL-USG,100,,787.5,1125.0,152.0,456.0,228.0,2,380.0,4,30,0,ACTIVE,ANNUAL
42,CTR-00029,CUST-00029,MMA-001,2025-03-31,2026-03-31,BEN-FOB-USG + $50/MT,BEN-FOB-USG,50,,1680.0,2400.0,449.0,1347.0,673.5,2,1122.5,4,45,1,ACTIVE,MULTI_YEAR
43,CTR-00029,CUST-00029,HDPE-001,2025-12-13,2026-12-13,PP-DEL-USG + $30/MT,PP-DEL-USG,30,,1365.0,1950.0,449.0,1347.0,673.5,2,1122.5,4,45,1,ACTIVE,MULTI_YEAR
44,CTR-00029,CUST-00029,PS-001,2025-02-12,2026-02-12,ETH-DEL-USG + $30/MT,ETH-DEL-USG,30,,1312.5,1875.0,449.0,1347.0,673.5,2,1122.5,4,45,1,ACTIVE,MULTI_YEAR
45,CTR-00029,CUST-00029,PP-HOMO,2025-07-18,2026-07-18,PP-DEL-USG + $30/MT,PP-DEL-USG,30,,1470.0,2100.0,449.0,1347.0,673.5,2,1122.5,4,45,1,ACTIVE,ANNUAL
46,CTR-00029,CUST-00029,TOL-001,2025-03-16,2026-03-16,BEN-FOB-USG + $100/MT,BEN-FOB-USG,100,,892.5,1275.0,449.0,1347.0,673.5,2,1122.5,4,45,1,ACTIVE,MULTI_YEAR
47,CTR-00030,CUST-00030,BUT-001,2025-05-25,2026-05-25,ETH-DEL-USG + $50/MT,ETH-DEL-USG,50,,1260.0,1800.0,12.0,36.0,18.0,2,30.0,4,30,0,ACTIVE,MULTI_YEAR
48,CTR-00030,CUST-00030,HDPE-001,2025-07-13,2026-07-13,PP-DEL-USG + $75/MT,PP-DEL-USG,75,,1365.0,1950.0,12.0,36.0,18.0,2,30.0,4,30,0,ACTIVE,MULTI_YEAR
49,CTR-00030,CUST-00030,DEG-001,2025-06-08,2026-06-08,PP-DEL-USG + $50/MT,PP-DEL-USG,50,,840.0,1200.0,12.0,36.0,18.0,2,30.0,4,30,0,ACTIVE,ANNUAL
50,CTR-00032,CUST-00032,PVC-001,2025-03-07,2026-03-07,BEN-FOB-USG + $30/MT,BEN-FOB-USG,30,,1155.0,1650.0,93.0,279.0,139.5,2,232.5,4,45,1,ACTIVE,MULTI_YEAR
51,CTR-00032,CUST-00032,DEG-001,2025-07-08,2026-07-08,BEN-FOB-USG + $100/MT,BEN-FOB-USG,100,,840.0,1200.0,93.0,279.0,139.5,2,232.5,4,45,1,ACTIVE,MULTI_YEAR
52,CTR-00032,CUST-00032,XYL-001,2025-10-28,2026-10-28,ETH-DEL-USG + $-25/MT,ETH-DEL-USG,-25,,924.0,1320.0,93.0,279.0,139.5,2,232.5,4,45,1,ACTIVE,ANNUAL
53,CTR-00036,CUST-00036,PS-001,2025-02-27,2026-02-27,BEN-FOB-USG + $100/MT,BEN-FOB-USG,100,,1312.5,1875.0,826.0,2478.0,1239.0,2,2065.0,4,45,1,ACTIVE,ANNUAL
54,CTR-00036,CUST-00036,BUT-001,2025-07-31,2026-07-31,BEN-FOB-USG + $50/MT,BEN-FOB-USG,50,,1260.0,1800.0,826.0,2478.0,1239.0,2,2065.0,4,45,1,ACTIVE,ANNUAL
55,CTR-00036,CUST-00036,HDPE-001,2025-02-12,2026-02-12,PP-DEL-USG + $50/MT,PP-DEL-USG,50,,1365.0,1950.0,826.0,2478.0,1239.0,2,2065.0,4,45,1,ACTIVE,MULTI_YEAR
56,CTR-00036,CUST-00036,ACN-001,2025-04-04,2026-04-04,ETH-DEL-USG + $75/MT,ETH-DEL-USG,75,,1470.0,2100.0,826.0,2478.0,1239.0,2,2065.0,4,45,1,ACTIVE,ANNUAL
57,CTR-00040,CUST-00040,PP-002,2025-03-10,2026-03-10,ETH-DEL-USG + $50/MT,ETH-DEL-USG,50,,1102.5,1575.0,145.0,435.0,217.5,2,362.5,4,30,0,ACTIVE,ANNUAL
58,CTR-00040,CUST-00040,PP-COPOLY,2025-12-18,2026-12-18,BEN-FOB-USG + $75/MT,BEN-FOB-USG,75,,1522.5,2175.0,145.0,435.0,217.5,2,362.5,4,30,0,ACTIVE,MULTI_YEAR
59,CTR-00040,CUST-00040,PP-HOMO,2025-01-24,2026-01-24,BEN-FOB-USG + $-25/MT,BEN-FOB-USG,-25,,1470.0,2100.0,145.0,435.0,217.5,2,362.5,4,30,0,ACTIVE,MULTI_YEAR
60,CTR-00042,CUST-00042,STY-001,2025-06-21,2026-06-21,PP-DEL-USG + $30/MT,PP-DEL-USG,30,,1207.5,1725.0,342.0,1026.0,513.0,2,855.0,4,45,1,ACTIVE,ANNUAL
61,CTR-00042,CUST-00042,PP-001,2025-05-09,2026-05-09,ETH-DEL-USG + $50/MT,ETH-DEL-USG,50,,1155.0,1650.0,342.0,1026.0,513.0,2,855.0,4,45,1,ACTIVE,ANNUAL
62,CTR-00042,CUST-00042,ETH-001,2025-01-28,2026-01-28,BEN-FOB-USG + $30/MT,BEN-FOB-USG,30,,997.5,1425.0,342.0,1026.0,513.0,2,855.0,4,45,1,ACTIVE,ANNUAL
63,CTR-00042,CUST-00042,PP-002,2025-12-21,2026-12-21,ETH-DEL-USG + $100/MT,ETH-DEL-USG,100,,1102.5,1575.0,342.0,1026.0,513.0,2,855.0,4,45,1,ACTIVE,MULTI_YEAR
64,CTR-00042,CUST-00042,PS-001,2025-11-06,2026-11-06,ETH-DEL-USG + $-25/MT,ETH-DEL-USG,-25,,1312.5,1875.0,342.0,1026.0,513.0,2,855.0,4,45,1,ACTIVE,ANNUAL
65,CTR-00043,CUST-00043,ETH-001,2025-12-03,2026-12-03,BEN-FOB-USG + $30/MT,BEN-FOB-USG,30,,997.5,1425.0,18.0,54.0,27.0,2,45.0,4,45,1,ACTIVE,MULTI_YEAR
66,CTR-00043,CUST-00043,LLDPE-001,2025-03-08,2026-03-08,BEN-FOB-USG + $50/MT,BEN-FOB-USG,50,,1344.0,1920.0,18.0,54.0,27.0,2,45.0,4,45,1,ACTIVE,MULTI_YEAR
67,CTR-00043,CUST-00043,MEG-001,2025-12-17,2026-12-17,PP-DEL-USG + $75/MT,PP-DEL-USG,75,,787.5,1125.0,18.0,54.0,27.0,2,45.0,4,45,1,ACTIVE,ANNUAL
68,CTR-00043,CUST-00043,STY-001,2025-05-20,2026-05-20,PP-DEL-USG + $50/MT,PP-DEL-USG,50,,1207.5,1725.0,18.0,54.0,27.0,2,45.0,4,45,1,ACTIVE,ANNUAL
69,CTR-00046,CUST-00046,XYL-001,2025-07-07,2026-07-07,BEN-FOB-USG + $75/MT,BEN-FOB-USG,75,,924.0,1320.0,272.0,816.0,408.0,2,680.0,4,30,0,ACTIVE,ANNUAL
70,CTR-00046,CUST-00046,PP-COPOLY,2025-05-14,2026-05-14,ETH-DEL-USG + $-25/MT,ETH-DEL-USG,-25,,1522.5,2175.0,272.0,816.0,408.0,2,680.0,4,30,0,ACTIVE,ANNUAL
71,CTR-00046,CUST-00046,STY-001,2025-05-30,2026-05-30,ETH-DEL-USG + $-25/MT,ETH-DEL-USG,-25,,1207.5,1725.0,272.0,816.0,408.0,2,680.0,4,30,0,ACTIVE,MULTI_YEAR
72,CTR-00046,CUST-00046,TOL-001,2025-01-23,2026-01-23,PP-DEL-USG + $75/MT,PP-DEL-USG,75,,892.5,1275.0,272.0,816.0,408.0,2,680.0,4,30,0,ACTIVE,MULTI_YEAR
73,CTR-00049,CUST-00049,HDPE-001,2025-03-13,2026-03-13,BEN-FOB-USG + $-25/MT,BEN-FOB-USG,-25,,1365.0,1950.0,198.0,594.0,297.0,2,495.0,4,30,0,ACTIVE,MULTI_YEAR
74,CTR-00049,CUST-00049,TOL-001,2025-04-18,2026-04-18,BEN-FOB-USG + $50/MT,BEN-FOB-USG,50,,892.5,1275.0,198.0,594.0,297.0,2,495.0,4,30,0,ACTIVE,MULTI_YEAR
75,CTR-00049,CUST-00049,STY-001,2025-05-08,2026-05-08,ETH-DEL-USG + $75/MT,ETH-DEL-USG,75,,1207.5,1725.0,198.0,594.0,297.0,2,495.0,4,30,0,ACTIVE,MULTI_YEAR
76,CTR-00049,CUST-00049,PP-002,2025-02-13,2026-02-13,BEN-FOB-USG + $50/MT,BEN-FOB-USG,50,,1102.5,1575.0,198.0,594.0,297.0,2,495.0,4,30,0,ACTIVE,MULTI_YEAR
77,CTR-00049,CUST-00049,PP-HOMO,2025-05-12,2026-05-12,ETH-DEL-USG + $-25/MT,ETH-DEL-USG,-25,,1470.0,2100.0,198.0,594.0,297.0,2,495.0,4,30,0,ACTIVE,MULTI_YEAR
78,CTR-00050,CUST-00050,MMA-001,2025-12-11,2026-12-11,PP-DEL-USG + $100/MT,PP-DEL-USG,100,,1680.0,2400.0,102.0,306.0,153.0,2,255.0,4,45,1,ACTIVE,MULTI_YEAR
79,CTR-00050,CUST-00050,PP-002,2025-02-06,2026-02-06,PP-DEL-USG + $-25/MT,PP-DEL-USG,-25,,1102.5,1575.0,102.0,306.0,153.0,2,255.0,4,45,1,ACTIVE,MULTI_YEAR
80,CTR-00050,CUST-00050,ETH-001,2025-02-09,2026-02-09,ETH-DEL-USG + $50/MT,ETH-DEL-USG,50,,997.5,1425.0,102.0,306.0,153.0,2,255.0,4,45,1,ACTIVE,MULTI_YEAR
81,CTR-00054,CUST-00054,BUT-001,2025-12-16,2026-12-16,PP-DEL-USG + $50/MT,PP-DEL-USG,50,,1260.0,1800.0,1126.0,3378.0,1689.0,2,2815.0,4,45,1,ACTIVE,ANNUAL
82,CTR-00054,CUST-00054,MMA-001,2025-11-01,2026-11-01,BEN-FOB-USG + $100/MT,BEN-FOB-USG,100,,1680.0,2400.0,1126.0,3378.0,1689.0,2,2815.0,4,45,1,ACTIVE,MULTI_YEAR
83,CTR-00054,CUST-00054,LDPE-001,2025-05-23,2026-05-23,BEN-FOB-USG + $50/MT,BEN-FOB-USG,50,,1417.5,2025.0,1126.0,3378.0,1689.0,2,2815.0,4,45,1,ACTIVE,MULTI_YEAR
84,CTR-00054,CUST-00054,STY-001,2025-07-27,2026-07-27,PP-DEL-USG + $-25/MT,PP-DEL-USG,-25,,1207.5,1725.0,1126.0,3378.0,1689.0,2,2815.0,4,45,1,ACTIVE,ANNUAL
85,CTR-00057,CUST-00057,LLDPE-001,2025-11-28,2026-11-28,BEN-FOB-USG + $-25/MT,BEN-FOB-USG,-25,,1344.0,1920.0,23.0,69.0,34.5,2,57.5,4,30,0,ACTIVE,MULTI_YEAR
86,CTR-00057,CUST-00057,XYL-001,2025-05-26,2026-05-26,BEN-FOB-USG + $75/MT,BEN-FOB-USG,75,,924.0,1320.0,23.0,69.0,34.5,2,57.5,4,30,0,ACTIVE,ANNUAL
87,CTR-00057,CUST-00057,MMA-001,2025-03-22,2026-03-22,PP-DEL-USG + $100/MT,PP-DEL-USG,100,,1680.0,2400.0,23.0,69.0,34.5,2,57.5,4,30,0,ACTIVE,ANNUAL
88,CTR-00058,CUST-00058,MMA-001,2025-07-07,2026-07-07,ETH-DEL-USG + $75/MT,ETH-DEL-USG,75,,1680.0,2400.0,55.0,165.0,82.5,2,137.5,4,30,0,ACTIVE,ANNUAL
89,CTR-00058,CUST-00058,PP-002,2025-08-28,2026-08-28,ETH-DEL-USG + $100/MT,ETH-DEL-USG,100,,1102.5,1575.0,55.0,165.0,82.5,2,137.5,4,30,0,ACTIVE,ANNUAL
90,CTR-00058,CUST-00058,STY-001,2025-10-09,2026-10-09,ETH-DEL-USG + $-25/MT,ETH-DEL-USG,-25,,1207.5,1725.0,55.0,165.0,82.5,2,137.5,4,30,0,ACTIVE,MULTI_YEAR
91,CTR-00059,CUST-00059,STY-001,2025-09-25,2026-09-25,PP-DEL-USG + $50/MT,PP-DEL-USG,50,,1207.5,1725.0,12.0,36.0,18.0,2,30.0,4,30,0,ACTIVE,MULTI_YEAR
92,CTR-00059,CUST-00059,PVC-001,2025-10-17,2026-10-17,BEN-FOB-USG + $100/MT,BEN-FOB-USG,100,,1155.0,1650.0,12.0,36.0,18.0,2,30.0,4,30,0,ACTIVE,MULTI_YEAR
93,CTR-00059,CUST-00059,PP-001,2025-03-24,2026-03-24,ETH-DEL-USG + $100/MT,ETH-DEL-USG,100,,1155.0,1650.0,12.0,36.0,18.0,2,30.0,4,30,0,ACTIVE,MULTI_YEAR
94,CTR-00064,CUST-00064,MMA-001,2025-10-04,2026-10-04,BEN-FOB-USG + $75/MT,BEN-FOB-USG,75,,1680.0,2400.0,110.0,330.0,165.0,2,275.0,4,30,0,ACTIVE,MULTI_YEAR
95,CTR-00064,CUST-00064,MEG-001,2025-10-07,2026-10-07,ETH-DEL-USG + $30/MT,ETH-DEL-USG,30,,787.5,1125.0,110.0,330.0,165.0,2,275.0,4,30,0,ACTIVE,MULTI_YEAR
96,CTR-00064,CUST-00064,PP-002,2025-07-09,2026-07-09,ETH-DEL-USG + $50/MT,ETH-DEL-USG,50,,1102.5,1575.0,110.0,330.0,165.0,2,275.0,4,30,0,ACTIVE,ANNUAL
97,CTR-00064,CUST-00064,ETH-001,2025-06-27,2026-06-27,BEN-FOB-USG + $30/MT,BEN-FOB-USG,30,,997.5,1425.0,110.0,330.0,165.0,2,275.0,4,30,0,ACTIVE,MULTI_YEAR
98,CTR-00073,CUST-00073,STY-001,2025-10-23,2026-10-23,BEN-FOB-USG + $-25/MT,BEN-FOB-USG,-25,,1207.5,1725.0,1.0,3.0,1.5,2,2.5,4,30,0,ACTIVE,MULTI_YEAR
99,CTR-00073,CUST-00073,BEN-001,2025-07-17,2026-07-17,ETH-DEL-USG + $-25/MT,ETH-DEL-USG,-25,,945.0,1350.0,1.0,3.0,1.5,2,2.5,4,30,0,ACTIVE,ANNUAL
100,CTR-00073,CUST-00073,PP-002,2025-11-11,2026-11-11,PP-DEL-USG + $100/MT,PP-DEL-USG,100,,1102.5,1575.0,1.0,3.0,1.5,2,2.5,4,30,0,ACTIVE,MULTI_YEAR
101,CTR-00073,CUST-00073,TOL-001,2025-10-03,2026-10-03,PP-DEL-USG + $-25/MT,PP-DEL-USG,-25,,892.5,1275.0,1.0,3.0,1.5,2,2.5,4,30,0,ACTIVE,MULTI_YEAR
102,CTR-00075,CUST-00075,HDPE-001,2025-04-23,2026-04-23,BEN-FOB-USG + $75/MT,BEN-FOB-USG,75,,1365.0,1950.0,307.0,921.0,460.5,2,767.5,4,30,0,ACTIVE,ANNUAL
103,CTR-00075,CUST-00075,MMA-001,2025-10-24,2026-10-24,ETH-DEL-USG + $-25/MT,ETH-DEL-USG,-25,,1680.0,2400.0,307.0,921.0,460.5,2,767.5,4,30,0,ACTIVE,ANNUAL
104,CTR-00075,CUST-00075,MEG-001,2025-04-09,2026-04-09,BEN-FOB-USG + $75/MT,BEN-FOB-USG,75,,787.5,1125.0,307.0,921.0,460.5,2,767.5,4,30,0,ACTIVE,MULTI_YEAR
105,CTR-00075,CUST-00075,PP-002,2025-04-06,2026-04-06,ETH-DEL-USG + $30/MT,ETH-DEL-USG,30,,1102.5,1575.0,307.0,921.0,460.5,2,767.5,4,30,0,ACTIVE,ANNUAL
106,CTR-00076,CUST-00076,PP-001,2025-09-05,2026-09-05,ETH-DEL-USG + $50/MT,ETH-DEL-USG,50,,1155.0,1650.0,326.0,978.0,489.0,2,815.0,4,30,0,ACTIVE,MULTI_YEAR
107,CTR-00076,CUST-00076,TOL-001,2025-03-13,2026-03-13,BEN-FOB-USG + $50/MT,BEN-FOB-USG,50,,892.5,1275.0,326.0,978.0,489.0,2,815.0,4,30,0,ACTIVE,MULTI_YEAR
108,CTR-00076,CUST-00076,PVC-001,2025-11-03,2026-11-03,BEN-FOB-USG + $75/MT,BEN-FOB-USG,75,,1155.0,1650.0,326.0,978.0,489.0,2,815.0,4,30,0,ACTIVE,MULTI_YEAR
109,CTR-00076,CUST-00076,PP-002,2025-01-30,2026-01-30,ETH-DEL-USG + $100/MT,ETH-DEL-USG,100,,1102.5,1575.0,326.0,978.0,489.0,2,815.0,4,30,0,ACTIVE,ANNUAL
110,CTR-00076,CUST-00076,MEG-001,2025-03-29,2026-03-29,ETH-DEL-USG + $50/MT,ETH-DEL-USG,50,,787.5,1125.0,326.0,978.0,489.0,2,815.0,4,30,0,ACTIVE,ANNUAL
111,CTR-00077,CUST-00077,PP-002,2025-05-31,2026-05-31,ETH-DEL-USG + $30/MT,ETH-DEL-USG,30,,1102.5,1575.0,369.0,1107.0,553.5,2,922.5,4,30,0,ACTIVE,MULTI_YEAR
112,CTR-00077,CUST-00077,LLDPE-001,2025-08-26,2026-08-26,ETH-DEL-USG + $100/MT,ETH-DEL-USG,100,,1344.0,1920.0,369.0,1107.0,553.5,2,922.5,4,30,0,ACTIVE,MULTI_YEAR
113,CTR-00077,CUST-00077,PP-COPOLY,2025-12-15,2026-12-15,BEN-FOB-USG + $75/MT,BEN-FOB-USG,75,,1522.5,2175.0,369.0,1107.0,553.5,2,922.5,4,30,0,ACTIVE,ANNUAL
114,CTR-00077,CUST-00077,MMA-001,2025-08-24,2026-08-24,ETH-DEL-USG + $30/MT,ETH-DEL-USG,30,,1680.0,2400.0,369.0,1107.0,553.5,2,922.5,4,30,0,ACTIVE,ANNUAL
115,CTR-00078,CUST-00078,BUT-001,2025-04-16,2026-04-16,BEN-FOB-USG + $50/MT,BEN-FOB-USG,50,,1260.0,1800.0,38.0,114.0,57.0,2,95.0,4,45,1,ACTIVE,ANNUAL
116,CTR-00078,CUST-00078,BEN-001,2025-09-15,2026-09-15,ETH-DEL-USG + $50/MT,ETH-DEL-USG,50,,945.0,1350.0,38.0,114.0,57.0,2,95.0,4,45,1,ACTIVE,ANNUAL
117,CTR-00081,CUST-00081,BEN-001,2025-11-05,2026-11-05,PP-DEL-USG + $-25/MT,PP-DEL-USG,-25,,945.0,1350.0,497.0,1491.0,745.5,2,1242.5,4,30,0,ACTIVE,ANNUAL
118,CTR-00081,CUST-00081,PS-001,2025-05-12,2026-05-12,BEN-FOB-USG + $50/MT,BEN-FOB-USG,50,,1312.5,1875.0,497.0,1491.0,745.5,2,1242.5,4,30,0,ACTIVE,MULTI_YEAR
119,CTR-00081,CUST-00081,STY-001,2025-07-11,2026-07-11,BEN-FOB-USG + $30/MT,BEN-FOB-USG,30,,1207.5,1725.0,497.0,1491.0,745.5,2,1242.5,4,30,0,ACTIVE,MULTI_YEAR
120,CTR-00081,CUST-00081,HDPE-001,2025-09-14,2026-09-14,BEN-FOB-USG + $50/MT,BEN-FOB-USG,50,,1365.0,1950.0,497.0,1491.0,745.5,2,1242.5,4,30,0,ACTIVE,MULTI_YEAR
121,CTR-00081,CUST-00081,LDPE-001,2025-10-04,2026-10-04,ETH-DEL-USG + $75/MT,ETH-DEL-USG,75,,1417.5,2025.0,497.0,1491.0,745.5,2,1242.5,4,30,0,ACTIVE,ANNUAL
122,CTR-00082,CUST-00082,HDPE-001,2025-04-05,2026-04-05,PP-DEL-USG + $-25/MT,PP-DEL-USG,-25,,1365.0,1950.0,244.0,732.0,366.0,2,610.0,4,30,0,ACTIVE,ANNUAL
123,CTR-00082,CUST-00082,PP-COPOLY,2025-11-23,2026-11-23,BEN-FOB-USG + $-25/MT,BEN-FOB-USG,-25,,1522.5,2175.0,244.0,732.0,366.0,2,610.0,4,30,0,ACTIVE,ANNUAL
124,CTR-00082,CUST-00082,XYL-001,2025-11-30,2026-11-30,BEN-FOB-USG + $75/MT,BEN-FOB-USG,75,,924.0,1320.0,244.0,732.0,366.0,2,610.0,4,30,0,ACTIVE,MULTI_YEAR
125,CTR-00086,CUST-00086,PP-COPOLY,2025-09-23,2026-09-23,ETH-DEL-USG + $100/MT,ETH-DEL-USG,100,,1522.5,2175.0,98.0,294.0,147.0,2,245.0,4,30,0,ACTIVE,ANNUAL
126,CTR-00086,CUST-00086,BUT-001,2025-07-22,2026-07-22,PP-DEL-USG + $30/MT,PP-DEL-USG,30,,1260.0,1800.0,98.0,294.0,147.0,2,245.0,4,30,0,ACTIVE,MULTI_YEAR
127,CTR-00086,CUST-00086,HDPE-001,2025-04-12,2026-04-12,ETH-DEL-USG + $50/MT,ETH-DEL-USG,50,,1365.0,1950.0,98.0,294.0,147.0,2,245.0,4,30,0,ACTIVE,MULTI_YEAR
128,CTR-00086,CUST-00086,XYL-001,2025-09-18,2026-09-18,ETH-DEL-USG + $-25/MT,ETH-DEL-USG,-25,,924.0,1320.0,98.0,294.0,147.0,2,245.0,4,30,0,ACTIVE,MULTI_YEAR
129,CTR-00086,CUST-00086,MMA-001,2025-10-19,2026-10-19,BEN-FOB-USG + $-25/MT,BEN-FOB-USG,-25,,1680.0,2400.0,98.0,294.0,147.0,2,245.0,4,30,0,ACTIVE,MULTI_YEAR
130,CTR-00087,CUST-00087,ETH-001,2025-09-30,2026-09-30,PP-DEL-USG + $75/MT,PP-DEL-USG,75,,997.5,1425.0,327.0,981.0,490.5,2,817.5,4,30,0,ACTIVE,MULTI_YEAR
131,CTR-00087,CUST-00087,PVC-001,2025-09-16,2026-09-16,ETH-DEL-USG + $75/MT,ETH-DEL-USG,75,,1155.0,1650.0,327.0,981.0,490.5,2,817.5,4,30,0,ACTIVE,ANNUAL
132,CTR-00087,CUST-00087,PP-COPOLY,2025-10-20,2026-10-20,BEN-FOB-USG + $30/MT,BEN-FOB-USG,30,,1522.5,2175.0,327.0,981.0,490.5,2,817.5,4,30,0,ACTIVE,ANNUAL
133,CTR-00087,CUST-00087,TOL-001,2025-04-06,2026-04-06,ETH-DEL-USG + $-25/MT,ETH-DEL-USG,-25,,892.5,1275.0,327.0,981.0,490.5,2,817.5,4,30,0,ACTIVE,MULTI_YEAR
134,CTR-00100,CUST-00100,PP-HOMO,2025-04-19,2026-04-19,ETH-DEL-USG + $100/MT,ETH-DEL-USG,100,,1470.0,2100.0,29.0,87.0,43.5,2,72.5,4,30,0,ACTIVE,MULTI_YEAR
135,CTR-00100,CUST-00100,LDPE-001,2025-09-21,2026-09-21,ETH-DEL-USG + $30/MT,ETH-DEL-USG,30,,1417.5,2025.0,29.0,87.0,43.5,2,72.5,4,30,0,ACTIVE,MULTI_YEAR
136,CTR-00100,CUST-00100,MMA-001,2025-02-22,2026-02-22,ETH-DEL-USG + $-25/MT,ETH-DEL-USG,-25,,1680.0,2400.0,29.0,87.0,43.5,2,72.5,4,30,0,ACTIVE,MULTI_YEAR
137,CTR-00100,CUST-00100,PP-001,2025-10-21,2026-10-21,ETH-DEL-USG + $30/MT,ETH-DEL-USG,30,,1155.0,1650.0,29.0,87.0,43.5,2,72.5,4,30,0,ACTIVE,MULTI_YEAR
138,CTR-00102,CUST-00102,LLDPE-001,2025-01-28,2026-01-28,PP-DEL-USG + $-25/MT,PP-DEL-USG,-25,,1344.0,1920.0,253.0,759.0,379.5,2,632.5,4,30,0,ACTIVE,MULTI_YEAR
139,CTR-00102,CUST-00102,PP-001,2025-02-10,2026-02-10,PP-DEL-USG + $30/MT,PP-DEL-USG,30,,1155.0,1650.0,253.0,759.0,379.5,2,632.5,4,30,0,ACTIVE,MULTI_YEAR
140,CTR-00116,CUST-00116,PVC-001,2025-03-25,2026-03-25,ETH-DEL-USG + $100/MT,ETH-DEL-USG,100,,1155.0,1650.0,513.0,1539.0,769.5,2,1282.5,4,30,0,ACTIVE,ANNUAL
141,CTR-00116,CUST-00116,MEG-001,2025-12-18,2026-12-18,ETH-DEL-USG + $-25/MT,ETH-DEL-USG,-25,,787.5,1125.0,513.0,1539.0,769.5,2,1282.5,4,30,0,ACTIVE,MULTI_YEAR
142,CTR-00118,CUST-00118,PP-HOMO,2025-09-12,2026-09-12,PP-DEL-USG + $75/MT,PP-DEL-USG,75,,1470.0,2100.0,52.0,156.0,78.0,2,130.0,4,30,0,ACTIVE,ANNUAL
143,CTR-00118,CUST-00118,XYL-001,2025-10-22,2026-10-22,PP-DEL-USG + $50/MT,PP-DEL-USG,50,,924.0,1320.0,52.0,156.0,78.0,2,130.0,4,30,0,ACTIVE,ANNUAL
144,CTR-00118,CUST-00118,MMA-001,2025-11-17,2026-11-17,BEN-FOB-USG + $30/MT,BEN-FOB-USG,30,,1680.0,2400.0,52.0,156.0,78.0,2,130.0,4,30,0,ACTIVE,ANNUAL
145,CTR-00118,CUST-00118,BEN-001,2025-07-11,2026-07-11,PP-DEL-USG + $-25/MT,PP-DEL-USG,-25,,945.0,1350.0,52.0,156.0,78.0,2,130.0,4,30,0,ACTIVE,ANNUAL
146,CTR-00118,CUST-00118,LDPE-001,2025-10-03,2026-10-03,BEN-FOB-USG + $-25/MT,BEN-FOB-USG,-25,,1417.5,2025.0,52.0,156.0,78.0,2,130.0,4,30,0,ACTIVE,MULTI_YEAR
147,CTR-00119,CUST-00119,DEG-001,2025-07-06,2026-07-06,BEN-FOB-USG + $75/MT,BEN-FOB-USG,75,,840.0,1200.0,558.0,1674.0,837.0,2,1395.0,4,30,0,ACTIVE,MULTI_YEAR
148,CTR-00119,CUST-00119,XYL-001,2025-08-24,2026-08-24,PP-DEL-USG + $30/MT,PP-DEL-USG,30,,924.0,1320.0,558.0,1674.0,837.0,2,1395.0,4,30,0,ACTIVE,MULTI_YEAR
149,CTR-00119,CUST-00119,PS-001,2025-03-29,2026-03-29,BEN-FOB-USG + $50/MT,BEN-FOB-USG,50,,1312.5,1875.0,558.0,1674.0,837.0,2,1395.0,4,30,0,ACTIVE,MULTI_YEAR
150,CTR-00119,CUST-00119,MEG-001,2025-04-11,2026-04-11,PP-DEL-USG + $-25/MT,PP-DEL-USG,-25,,787.5,1125.0,558.0,1674.0,837.0,2,1395.0,4,30,0,ACTIVE,ANNUAL
151,CTR-00128,CUST-00128,PVC-001,2025-11-06,2026-11-06,PP-DEL-USG + $-25/MT,PP-DEL-USG,-25,,1155.0,1650.0,493.0,1479.0,739.5,2,1232.5,4,30,0,ACTIVE,MULTI_YEAR
152,CTR-00128,CUST-00128,TOL-001,2025-03-25,2026-03-25,PP-DEL-USG + $50/MT,PP-DEL-USG,50,,892.5,1275.0,493.0,1479.0,739.5,2,1232.5,4,30,0,ACTIVE,MULTI_YEAR
153,CTR-00128,CUST-00128,XYL-001,2025-08-16,2026-08-16,BEN-FOB-USG + $30/MT,BEN-FOB-USG,30,,924.0,1320.0,493.0,1479.0,739.5,2,1232.5,4,30,0,ACTIVE,ANNUAL
154,CTR-00128,CUST-00128,PP-COPOLY,2025-10-29,2026-10-29,PP-DEL-USG + $-25/MT,PP-DEL-USG,-25,,1522.5,2175.0,493.0,1479.0,739.5,2,1232.5,4,30,0,ACTIVE,MULTI_YEAR
155,CTR-00135,CUST-00135,LDPE-001,2025-02-12,2026-02-12,ETH-DEL-USG + $75/MT,ETH-DEL-USG,75,,1417.5,2025.0,716.0,2148.0,1074.0,2,1790.0,4,30,0,ACTIVE,ANNUAL
156,CTR-00135,CUST-00135,DEG-001,2025-03-11,2026-03-11,BEN-FOB-USG + $50/MT,BEN-FOB-USG,50,,840.0,1200.0,716.0,2148.0,1074.0,2,1790.0,4,30,0,ACTIVE,ANNUAL
157,CTR-00141,CUST-00141,PP-COPOLY,2025-03-18,2026-03-18,ETH-DEL-USG + $-25/MT,ETH-DEL-USG,-25,,1522.5,2175.0,1641.0,4923.0,2461.5,2,4102.5,4,45,1,ACTIVE,ANNUAL
158,CTR-00141,CUST-00141,TOL-001,2025-04-25,2026-04-25,ETH-DEL-USG + $30/MT,ETH-DEL-USG,30,,892.5,1275.0,1641.0,4923.0,2461.5,2,4102.5,4,45,1,ACTIVE,ANNUAL
159,CTR-00141,CUST-00141,BEN-001,2025-11-20,2026-11-20,ETH-DEL-USG + $75/MT,ETH-DEL-USG,75,,945.0,1350.0,1641.0,4923.0,2461.5,2,4102.5,4,45,1,ACTIVE,MULTI_YEAR
160,CTR-00142,CUST-00142,PVC-001,2025-05-09,2026-05-09,BEN-FOB-USG + $30/MT,BEN-FOB-USG,30,,1155.0,1650.0,145.0,435.0,217.5,2,362.5,4,45,1,ACTIVE,MULTI_YEAR
161,CTR-00142,CUST-00142,PP-001,2025-04-27,2026-04-27,BEN-FOB-USG + $-25/MT,BEN-FOB-USG,-25,,1155.0,1650.0,145.0,435.0,217.5,2,362.5,4,45,1,ACTIVE,ANNUAL
162,CTR-00142,CUST-00142,HDPE-001,2025-06-10,2026-06-10,ETH-DEL-USG + $30/MT,ETH-DEL-USG,30,,1365.0,1950.0,145.0,435.0,217.5,2,362.5,4,45,1,ACTIVE,ANNUAL
163,CTR-00145,CUST-00145,ACN-001,2025-08-15,2026-08-15,ETH-DEL-USG + $30/MT,ETH-DEL-USG,30,,1470.0,2100.0,84.0,252.0,126.0,2,210.0,4,30,0,ACTIVE,MULTI_YEAR
164,CTR-00145,CUST-00145,DEG-001,2025-10-20,2026-10-20,PP-DEL-USG + $-25/MT,PP-DEL-USG,-25,,840.0,1200.0,84.0,252.0,126.0,2,210.0,4,30,0,ACTIVE,ANNUAL
165,CTR-00145,CUST-00145,BEN-001,2025-08-24,2026-08-24,ETH-DEL-USG + $-25/MT,ETH-DEL-USG,-25,,945.0,1350.0,84.0,252.0,126.0,2,210.0,4,30,0,ACTIVE,ANNUAL
166,CTR-00146,CUST-00146,HDPE-001,2025-09-03,2026-09-03,ETH-DEL-USG + $100/MT,ETH-DEL-USG,100,,1365.0,1950.0,9.0,27.0,13.5,2,22.5,4,30,0,ACTIVE,ANNUAL
167,CTR-00146,CUST-00146,XYL-001,2025-11-27,2026-11-27,BEN-FOB-USG + $50/MT,BEN-FOB-USG,50,,924.0,1320.0,9.0,27.0,13.5,2,22.5,4,30,0,ACTIVE,MULTI_YEAR
168,CTR-00146,CUST-00146,DEG-001,2025-07-26,2026-07-26,ETH-DEL-USG + $100/MT,ETH-DEL-USG,100,,840.0,1200.0,9.0,27.0,13.5,2,22.5,4,30,0,ACTIVE,MULTI_YEAR
169,CTR-00149,CUST-00149,LDPE-001,2025-10-16,2026-10-16,BEN-FOB-USG + $75/MT,BEN-FOB-USG,75,,1417.5,2025.0,13.0,39.0,19.5,2,32.5,4,30,0,ACTIVE,MULTI_YEAR
170,CTR-00149,CUST-00149,TOL-001,2025-12-12,2026-12-12,PP-DEL-USG + $75/MT,PP-DEL-USG,75,,892.5,1275.0,13.0,39.0,19.5,2,32.5,4,30,0,ACTIVE,ANNUAL
171,CTR-00149,CUST-00149,PS-001,2025-03-22,2026-03-22,PP-DEL-USG + $30/MT,PP-DEL-USG,30,,1312.5,1875.0,13.0,39.0,19.5,2,32.5,4,30,0,ACTIVE,ANNUAL
172,CTR-00149,CUST-00149,PP-COPOLY,2025-04-09,2026-04-09,ETH-DEL-USG + $100/MT,ETH-DEL-USG,100,,1522.5,2175.0,13.0,39.0,19.5,2,32.5,4,30,0,ACTIVE,MULTI_YEAR
173,CTR-00154,CUST-00154,HDPE-001,2025-07-07,2026-07-07,BEN-FOB-USG + $50/MT,BEN-FOB-USG,50,,1365.0,1950.0,336.0,1008.0,504.0,2,840.0,4,45,1,ACTIVE,ANNUAL
174,CTR-00154,CUST-00154,BEN-001,2025-06-20,2026-06-20,BEN-FOB-USG + $100/MT,BEN-FOB-USG,100,,945.0,1350.0,336.0,1008.0,504.0,2,840.0,4,45,1,ACTIVE,ANNUAL
175,CTR-00154,CUST-00154,MMA-001,2025-04-02,2026-04-02,BEN-FOB-USG + $-25/MT,BEN-FOB-USG,-25,,1680.0,2400.0,336.0,1008.0,504.0,2,840.0,4,45,1,ACTIVE,MULTI_YEAR
176,CTR-00154,CUST-00154,DEG-001,2025-01-26,2026-01-26,BEN-FOB-USG + $30/MT,BEN-FOB-USG,30,,840.0,1200.0,336.0,1008.0,504.0,2,840.0,4,45,1,ACTIVE,ANNUAL
177,CTR-00154,CUST-00154,ACN-001,2025-04-16,2026-04-16,ETH-DEL-USG + $-25/MT,ETH-DEL-USG,-25,,1470.0,2100.0,336.0,1008.0,504.0,2,840.0,4,45,1,ACTIVE,MULTI_YEAR
178,CTR-00163,CUST-00163,PP-HOMO,2025-11-24,2026-11-24,PP-DEL-USG + $30/MT,PP-DEL-USG,30,,1470.0,2100.0,502.0,1506.0,753.0,2,1255.0,4,45,1,ACTIVE,ANNUAL
179,CTR-00163,CUST-00163,BUT-001,2025-12-22,2026-12-22,PP-DEL-USG + $-25/MT,PP-DEL-USG,-25,,1260.0,1800.0,502.0,1506.0,753.0,2,1255.0,4,45,1,ACTIVE,ANNUAL
180,CTR-00163,CUST-00163,BEN-001,2025-05-23,2026-05-23,PP-DEL-USG + $30/MT,PP-DEL-USG,30,,945.0,1350.0,502.0,1506.0,753.0,2,1255.0,4,45,1,ACTIVE,ANNUAL
181,CTR-00163,CUST-00163,XYL-001,2025-07-02,2026-07-02,PP-DEL-USG + $100/MT,PP-DEL-USG,100,,924.0,1320.0,502.0,1506.0,753.0,2,1255.0,4,45,1,ACTIVE,ANNUAL
182,CTR-00163,CUST-00163,PP-COPOLY,2025-07-16,2026-07-16,BEN-FOB-USG + $75/MT,BEN-FOB-USG,75,,1522.5,2175.0,502.0,1506.0,753.0,2,1255.0,4,45,1,ACTIVE,ANNUAL
183,CTR-00164,CUST-00164,ACN-001,2025-09-23,2026-09-23,PP-DEL-USG + $30/MT,PP-DEL-USG,30,,1470.0,2100.0,192.0,576.0,288.0,2,480.0,4,30,0,ACTIVE,ANNUAL
184,CTR-00164,CUST-00164,XYL-001,2025-12-10,2026-12-10,PP-DEL-USG + $-25/MT,PP-DEL-USG,-25,,924.0,1320.0,192.0,576.0,288.0,2,480.0,4,30,0,ACTIVE,ANNUAL
185,CTR-00167,CUST-00167,BUT-001,2025-06-17,2026-06-17,BEN-FOB-USG + $100/MT,BEN-FOB-USG,100,,1260.0,1800.0,193.0,579.0,289.5,2,482.5,4,45,1,ACTIVE,MULTI_YEAR
186,CTR-00167,CUST-00167,PP-002,2025-04-27,2026-04-27,BEN-FOB-USG + $50/MT,BEN-FOB-USG,50,,1102.5,1575.0,193.0,579.0,289.5,2,482.5,4,45,1,ACTIVE,MULTI_YEAR
187,CTR-00167,CUST-00167,STY-001,2025-10-03,2026-10-03,BEN-FOB-USG + $100/MT,BEN-FOB-USG,100,,1207.5,1725.0,193.0,579.0,289.5,2,482.5,4,45,1,ACTIVE,MULTI_YEAR
188,CTR-00167,CUST-00167,ACN-001,2025-07-05,2026-07-05,PP-DEL-USG + $-25/MT,PP-DEL-USG,-25,,1470.0,2100.0,193.0,579.0,289.5,2,482.5,4,45,1,ACTIVE,ANNUAL
189,CTR-00170,CUST-00170,MMA-001,2025-08-10,2026-08-10,ETH-DEL-USG + $75/MT,ETH-DEL-USG,75,,1680.0,2400.0,447.0,1341.0,670.5,2,1117.5,4,45,1,ACTIVE,ANNUAL
190,CTR-00170,CUST-00170,ACN-001,2025-07-25,2026-07-25,BEN-FOB-USG + $-25/MT,BEN-FOB-USG,-25,,1470.0,2100.0,447.0,1341.0,670.5,2,1117.5,4,45,1,ACTIVE,MULTI_YEAR
191,CTR-00170,CUST-00170,BUT-001,2025-06-22,2026-06-22,ETH-DEL-USG + $30/MT,ETH-DEL-USG,30,,1260.0,1800.0,447.0,1341.0,670.5,2,1117.5,4,45,1,ACTIVE,MULTI_YEAR
192,CTR-00170,CUST-00170,PP-COPOLY,2025-05-02,2026-05-02,BEN-FOB-USG + $50/MT,BEN-FOB-USG,50,,1522.5,2175.0,447.0,1341.0,670.5,2,1117.5,4,45,1,ACTIVE,ANNUAL
193,CTR-00171,CUST-00171,PP-002,2025-09-21,2026-09-21,ETH-DEL-USG + $75/MT,ETH-DEL-USG,75,,1102.5,1575.0,283.0,849.0,424.5,2,707.5,4,30,0,ACTIVE,ANNUAL
194,CTR-00171,CUST-00171,TOL-001,2025-08-05,2026-08-05,PP-DEL-USG + $50/MT,PP-DEL-USG,50,,892.5,1275.0,283.0,849.0,424.5,2,707.5,4,30,0,ACTIVE,MULTI_YEAR
195,CTR-00189,CUST-00189,ACN-001,2025-02-28,2026-02-28,ETH-DEL-USG + $30/MT,ETH-DEL-USG,30,,1470.0,2100.0,189.0,567.0,283.5,2,472.5,4,30,0,ACTIVE,ANNUAL
196,CTR-00189,CUST-00189,STY-001,2025-11-03,2026-11-03,BEN-FOB-USG + $50/MT,BEN-FOB-USG,50,,1207.5,1725.0,189.0,567.0,283.5,2,472.5,4,30,0,ACTIVE,MULTI_YEAR
197,CTR-00190,CUST-00190,LLDPE-001,2025-11-29,2026-11-29,ETH-DEL-USG + $50/MT,ETH-DEL-USG,50,,1344.0,1920.0,69.0,207.0,103.5,2,172.5,4,30,0,ACTIVE,MULTI_YEAR
198,CTR-00190,CUST-00190,TOL-001,2025-05-18,2026-05-18,ETH-DEL-USG + $100/MT,ETH-DEL-USG,100,,892.5,1275.0,69.0,207.0,103.5,2,172.5,4,30,0,ACTIVE,ANNUAL
199,CTR-00190,CUST-00190,BUT-001,2025-05-20,2026-05-20,BEN-FOB-USG + $50/MT,BEN-FOB-USG,50,,1260.0,1800.0,69.0,207.0,103.5,2,172.5,4,30,0,ACTIVE,MULTI_YEAR
200,CTR-00190,CUST-00190,XYL-001,2025-06-13,2026-06-13,ETH-DEL-USG + $75/MT,ETH-DEL-USG,75,,924.0,1320.0,69.0,207.0,103.5,2,172.5,4,30,0,ACTIVE,ANNUAL
201,CTR-00197,CUST-00197,DEG-001,2025-07-20,2026-07-20,ETH-DEL-USG + $75/MT,ETH-DEL-USG,75,,840.0,1200.0,647.0,1941.0,970.5,2,1617.5,4,45,1,ACTIVE,MULTI_YEAR
202,CTR-00197,CUST-00197,STY-001,2025-02-23,2026-02-23,ETH-DEL-USG + $30/MT,ETH-DEL-USG,30,,1207.5,1725.0,647.0,1941.0,970.5,2,1617.5,4,45,1,ACTIVE,ANNUAL
203,CTR-00197,CUST-00197,LDPE-001,2025-06-18,2026-06-18,ETH-DEL-USG + $-25/MT,ETH-DEL-USG,-25,,1417.5,2025.0,647.0,1941.0,970.5,2,1617.5,4,45,1,ACTIVE,MULTI_YEAR
204,CTR-00198,CUST-00198,PP-HOMO,2025-11-22,2026-11-22,PP-DEL-USG + $30/MT,PP-DEL-USG,30,,1470.0,2100.0,1137.0,3411.0,1705.5,2,2842.5,4,45,1,ACTIVE,MULTI_YEAR
205,CTR-00198,CUST-00198,XYL-001,2025-11-08,2026-11-08,BEN-FOB-USG + $50/MT,BEN-FOB-USG,50,,924.0,1320.0,1137.0,3411.0,1705.5,2,2842.5,4,45,1,ACTIVE,ANNUAL
206,CTR-00198,CUST-00198,LDPE-001,2025-01-28,2026-01-28,BEN-FOB-USG + $30/MT,BEN-FOB-USG,30,,1417.5,2025.0,1137.0,3411.0,1705.5,2,2842.5,4,45,1,ACTIVE,ANNUAL
207,CTR-00200,CUST-00200,ETH-001,2025-03-07,2026-03-07,PP-DEL-USG + $30/MT,PP-DEL-USG,30,,997.5,1425.0,757.0,2271.0,1135.5,2,1892.5,4,45,1,ACTIVE,ANNUAL
208,CTR-00200,CUST-00200,PVC-001,2025-07-21,2026-07-21,ETH-DEL-USG + $30/MT,ETH-DEL-USG,30,,1155.0,1650.0,757.0,2271.0,1135.5,2,1892.5,4,45,1,ACTIVE,ANNUAL
209,CTR-00200,CUST-00200,PS-001,2025-02-13,2026-02-13,ETH-DEL-USG + $100/MT,ETH-DEL-USG,100,,1312.5,1875.0,757.0,2271.0,1135.5,2,1892.5,4,45,1,ACTIVE,MULTI_YEAR
210,CTR-00200,CUST-00200,TOL-001,2025-05-19,2026-05-19,PP-DEL-USG + $75/MT,PP-DEL-USG,75,,892.5,1275.0,757.0,2271.0,1135.5,2,1892.5,4,45,1,ACTIVE,ANNUAL
