report_id,report_date,report_type,report_title,report_source,chemical_name,region,report_summary,report_content,file_path,author
1,2025-07-25,TRADE_JOURNAL,Intermediates Market Update: Asia Pacific - July 2025,Goldman Sachs,Acrylonitrile,Asia Pacific,The spread between Acrylonitrile and feedstock naphtha has widened to $296/MT. Producers report margins are healthy. Contract negotiations for next quarter are concluded....,The spread between Acrylonitrile and feedstock naphtha has widened to $296/MT. Producers report margins are healthy. Contract negotiations for next quarter are concluded.,@MARKET_DOCUMENTS/Intermediates/2025-07.pdf,Emily Williams
2,2025-07-25,TRADE_JOURNAL,Polymers Market Update: Europe - July 2025,ICIS,LDPE Injection Grade,Europe,"Price assessment: LDPE Injection Grade CFR Europe is trading at $1319/MT, decreased $55/MT from last week. Market participants expect prices to strengthen in the coming weeks based on feedstock moveme...","Price assessment: LDPE Injection Grade CFR Europe is trading at $1319/MT, decreased $55/MT from last week. Market participants expect prices to strengthen in the coming weeks based on feedstock movements.",@MARKET_DOCUMENTS/Polymers/2025-07.pdf,John Williams
3,2025-07-31,ANALYST_REPORT,Aromatics Market Update: North America - July 2025,IHS Markit,Toluene,North America,The spread between Toluene and feedstock naphtha has stabilized to $207/MT. Producers report margins are healthy. Contract negotiations for next quarter are concluded....,The spread between Toluene and feedstock naphtha has stabilized to $207/MT. Producers report margins are healthy. Contract negotiations for next quarter are concluded.,@MARKET_DOCUMENTS/Aromatics/2025-07.pdf,Sarah Smith
4,2025-07-31,TRADE_JOURNAL,Polymers Market Update: Middle East - July 2025,Morgan Stanley,LDPE Injection Grade,Middle East,"Price assessment: LDPE Injection Grade CFR Middle East is trading at $1987/MT, remained stable $75/MT from last week. Market participants expect prices to remain stable in the coming weeks based on fe...","Price assessment: LDPE Injection Grade CFR Middle East is trading at $1987/MT, remained stable $75/MT from last week. Market participants expect prices to remain stable in the coming weeks based on feedstock movements.",@MARKET_DOCUMENTS/Polymers/2025-07.pdf,Emily Johnson
5,2025-07-31,ANALYST_REPORT,Intermediates Market Update: Latin America - July 2025,Morgan Stanley,Acrylonitrile,Latin America,"Price assessment: Acrylonitrile CFR Latin America is trading at $1036/MT, increased $69/MT from last week. Market participants expect prices to strengthen in the coming weeks based on feedstock moveme...","Price assessment: Acrylonitrile CFR Latin America is trading at $1036/MT, increased $69/MT from last week. Market participants expect prices to strengthen in the coming weeks based on feedstock movements.",@MARKET_DOCUMENTS/Intermediates/2025-07.pdf,John Chen
6,2025-07-31,SUPPLY_ANALYSIS,Olefins Market Update: Europe - July 2025,ICIS,Ethylene,Europe,Force majeure declared at Regional Supplier Ethylene unit in Europe has removed approximately 224kt/year of capacity from the market. Recovery is expected in 6 weeks. Buyers are seeking alternative so...,Force majeure declared at Regional Supplier Ethylene unit in Europe has removed approximately 224kt/year of capacity from the market. Recovery is expected in 6 weeks. Buyers are seeking alternative sources.,@MARKET_DOCUMENTS/Olefins/2025-07.pdf,Michael Smith
7,2025-07-31,ANALYST_REPORT,Olefins Market Update: North America - July 2025,IHS Markit,Ethylene,North America,The spread between Ethylene and feedstock naphtha has narrowed to $332/MT. Producers report margins are healthy. Contract negotiations for next quarter are contentious....,The spread between Ethylene and feedstock naphtha has narrowed to $332/MT. Producers report margins are healthy. Contract negotiations for next quarter are contentious.,@MARKET_DOCUMENTS/Olefins/2025-07.pdf,Michael Chen
8,2025-08-06,SUPPLY_ANALYSIS,Olefins Market Update: Asia Pacific - August 2025,ChemWeek,Propylene Chemical Grade,Asia Pacific,Force majeure declared at Global Chemical Co Propylene Chemical Grade unit in Asia Pacific has removed approximately 152kt/year of capacity from the market. Recovery is expected in 3 weeks. Buyers are...,Force majeure declared at Global Chemical Co Propylene Chemical Grade unit in Asia Pacific has removed approximately 152kt/year of capacity from the market. Recovery is expected in 3 weeks. Buyers are seeking alternative sources.,@MARKET_DOCUMENTS/Olefins/2025-08.pdf,Emily Chen
9,2025-08-06,MARKET_OUTLOOK,Olefins Market Update: Middle East - August 2025,ICIS,Butadiene,Middle East,Demand for Butadiene in Middle East has remained stable by 11.6% compared to the same period last year. Key end-use sectors driving this trend include packaging and medical. Inventory levels at conver...,Demand for Butadiene in Middle East has remained stable by 11.6% compared to the same period last year. Key end-use sectors driving this trend include packaging and medical. Inventory levels at converters remain moderate.,@MARKET_DOCUMENTS/Olefins/2025-08.pdf,John Williams
10,2025-08-06,SUPPLY_ANALYSIS,Aromatics Market Update: Asia Pacific - August 2025,Morgan Stanley,Toluene,Asia Pacific,Force majeure declared at Global Chemical Co Toluene unit in Asia Pacific has removed approximately 272kt/year of capacity from the market. Recovery is expected in 3 weeks. Buyers are seeking alternat...,Force majeure declared at Global Chemical Co Toluene unit in Asia Pacific has removed approximately 272kt/year of capacity from the market. Recovery is expected in 3 weeks. Buyers are seeking alternative sources.,@MARKET_DOCUMENTS/Aromatics/2025-08.pdf,John Johnson
11,2025-08-12,EARNINGS_CALL,Aromatics Market Update: Latin America - August 2025,Morgan Stanley,Benzene,Latin America,The spread between Benzene and feedstock naphtha has widened to $223/MT. Producers report margins are healthy. Contract negotiations for next quarter are concluded....,The spread between Benzene and feedstock naphtha has widened to $223/MT. Producers report margins are healthy. Contract negotiations for next quarter are concluded.,@MARKET_DOCUMENTS/Aromatics/2025-08.pdf,Michael Smith
12,2025-08-12,ANALYST_REPORT,Aromatics Market Update: Asia Pacific - August 2025,IHS Markit,Toluene,Asia Pacific,"Price assessment: Toluene CFR Asia Pacific is trading at $1144/MT, increased $-31/MT from last week. Market participants expect prices to soften in the coming weeks based on feedstock movements....","Price assessment: Toluene CFR Asia Pacific is trading at $1144/MT, increased $-31/MT from last week. Market participants expect prices to soften in the coming weeks based on feedstock movements.",@MARKET_DOCUMENTS/Aromatics/2025-08.pdf,Sarah Johnson
13,2025-08-18,SUPPLY_ANALYSIS,Intermediates Market Update: Europe - August 2025,Goldman Sachs,Monoethylene Glycol,Europe,Supply constraints for Monoethylene Glycol in Europe are expected to persist through Q3. Key factors include planned maintenance at 2 major facilities and unexpected outages in the upstream naphtha su...,Supply constraints for Monoethylene Glycol in Europe are expected to persist through Q3. Key factors include planned maintenance at 2 major facilities and unexpected outages in the upstream naphtha supply chain. Prices have risen 14.0% week-over-week.,@MARKET_DOCUMENTS/Intermediates/2025-08.pdf,Emily Smith
14,2025-08-18,ANALYST_REPORT,Olefins Market Update: North America - August 2025,Wood Mackenzie,Propylene Chemical Grade,North America,The spread between Propylene Chemical Grade and feedstock naphtha has widened to $183/MT. Producers report margins are under pressure. Contract negotiations for next quarter are ongoing....,The spread between Propylene Chemical Grade and feedstock naphtha has widened to $183/MT. Producers report margins are under pressure. Contract negotiations for next quarter are ongoing.,@MARKET_DOCUMENTS/Olefins/2025-08.pdf,John Chen
15,2025-08-18,ANALYST_REPORT,Olefins Market Update: Europe - August 2025,ChemWeek,Propylene Polymer Grade,Europe,"Price assessment: Propylene Polymer Grade CFR Europe is trading at $1570/MT, decreased $-1/MT from last week. Market participants expect prices to remain stable in the coming weeks based on feedstock ...","Price assessment: Propylene Polymer Grade CFR Europe is trading at $1570/MT, decreased $-1/MT from last week. Market participants expect prices to remain stable in the coming weeks based on feedstock movements.",@MARKET_DOCUMENTS/Olefins/2025-08.pdf,John Williams
16,2025-08-18,EARNINGS_CALL,Intermediates Market Update: North America - August 2025,Morgan Stanley,Methyl Methacrylate,North America,The spread between Methyl Methacrylate and feedstock naphtha has narrowed to $173/MT. Producers report margins are improving. Contract negotiations for next quarter are ongoing....,The spread between Methyl Methacrylate and feedstock naphtha has narrowed to $173/MT. Producers report margins are improving. Contract negotiations for next quarter are ongoing.,@MARKET_DOCUMENTS/Intermediates/2025-08.pdf,Emily Johnson
17,2025-08-18,SUPPLY_ANALYSIS,Intermediates Market Update: Europe - August 2025,Wood Mackenzie,Methyl Methacrylate,Europe,Supply constraints for Methyl Methacrylate in Europe are expected to persist through Q3. Key factors include planned maintenance at 2 major facilities and unexpected outages in the upstream naphtha su...,Supply constraints for Methyl Methacrylate in Europe are expected to persist through Q3. Key factors include planned maintenance at 2 major facilities and unexpected outages in the upstream naphtha supply chain. Prices have risen -2.0% week-over-week.,@MARKET_DOCUMENTS/Intermediates/2025-08.pdf,John Smith
18,2025-08-24,ANALYST_REPORT,Aromatics Market Update: Europe - August 2025,Wood Mackenzie,Styrene Monomer,Europe,The spread between Styrene Monomer and feedstock naphtha has stabilized to $158/MT. Producers report margins are improving. Contract negotiations for next quarter are ongoing....,The spread between Styrene Monomer and feedstock naphtha has stabilized to $158/MT. Producers report margins are improving. Contract negotiations for next quarter are ongoing.,@MARKET_DOCUMENTS/Aromatics/2025-08.pdf,Emily Chen
19,2025-08-24,MARKET_OUTLOOK,Aromatics Market Update: Latin America - August 2025,Morgan Stanley,Toluene,Latin America,Consumer demand in Latin America for Toluene-based products has remained stable following seasonal patterns. Packaging demand is moderate while industrial applications show improving growth....,Consumer demand in Latin America for Toluene-based products has remained stable following seasonal patterns. Packaging demand is moderate while industrial applications show improving growth.,@MARKET_DOCUMENTS/Aromatics/2025-08.pdf,John Smith
20,2025-08-30,MARKET_OUTLOOK,Polymers Market Update: Middle East - August 2025,ChemWeek,Polypropylene Copolymer,Middle East,Demand for Polypropylene Copolymer in Middle East has remained stable by -1.0% compared to the same period last year. Key end-use sectors driving this trend include automotive and agriculture. Invento...,Demand for Polypropylene Copolymer in Middle East has remained stable by -1.0% compared to the same period last year. Key end-use sectors driving this trend include automotive and agriculture. Inventory levels at converters remain high.,@MARKET_DOCUMENTS/Polymers/2025-08.pdf,Emily Johnson
21,2025-08-30,EARNINGS_CALL,Olefins Market Update: Europe - August 2025,IHS Markit,Ethylene,Europe,"Price assessment: Ethylene CFR Europe is trading at $1332/MT, remained stable $24/MT from last week. Market participants expect prices to remain stable in the coming weeks based on feedstock movements...","Price assessment: Ethylene CFR Europe is trading at $1332/MT, remained stable $24/MT from last week. Market participants expect prices to remain stable in the coming weeks based on feedstock movements.",@MARKET_DOCUMENTS/Olefins/2025-08.pdf,Michael Williams
22,2025-08-30,ANALYST_REPORT,Aromatics Market Update: North America - August 2025,Goldman Sachs,Mixed Xylenes,North America,The spread between Mixed Xylenes and feedstock naphtha has stabilized to $203/MT. Producers report margins are under pressure. Contract negotiations for next quarter are concluded....,The spread between Mixed Xylenes and feedstock naphtha has stabilized to $203/MT. Producers report margins are under pressure. Contract negotiations for next quarter are concluded.,@MARKET_DOCUMENTS/Aromatics/2025-08.pdf,Emily Smith
23,2025-08-30,EARNINGS_CALL,Olefins Market Update: North America - August 2025,ICIS,Propylene Chemical Grade,North America,The spread between Propylene Chemical Grade and feedstock naphtha has stabilized to $372/MT. Producers report margins are improving. Contract negotiations for next quarter are ongoing....,The spread between Propylene Chemical Grade and feedstock naphtha has stabilized to $372/MT. Producers report margins are improving. Contract negotiations for next quarter are ongoing.,@MARKET_DOCUMENTS/Olefins/2025-08.pdf,John Smith
24,2025-09-05,TRADE_JOURNAL,Aromatics Market Update: Europe - September 2025,ICIS,Mixed Xylenes,Europe,The spread between Mixed Xylenes and feedstock naphtha has narrowed to $295/MT. Producers report margins are improving. Contract negotiations for next quarter are ongoing....,The spread between Mixed Xylenes and feedstock naphtha has narrowed to $295/MT. Producers report margins are improving. Contract negotiations for next quarter are ongoing.,@MARKET_DOCUMENTS/Aromatics/2025-09.pdf,John Chen
25,2025-09-05,ANALYST_REPORT,Polymers Market Update: Middle East - September 2025,ChemWeek,Polypropylene Homopolymer,Middle East,"Price assessment: Polypropylene Homopolymer CFR Middle East is trading at $1169/MT, increased $57/MT from last week. Market participants expect prices to soften in the coming weeks based on feedstock ...","Price assessment: Polypropylene Homopolymer CFR Middle East is trading at $1169/MT, increased $57/MT from last week. Market participants expect prices to soften in the coming weeks based on feedstock movements.",@MARKET_DOCUMENTS/Polymers/2025-09.pdf,Emily Chen
26,2025-09-05,EARNINGS_CALL,Aromatics Market Update: Latin America - September 2025,Morgan Stanley,Styrene Monomer,Latin America,"Price assessment: Styrene Monomer CFR Latin America is trading at $1896/MT, remained stable $22/MT from last week. Market participants expect prices to remain stable in the coming weeks based on feeds...","Price assessment: Styrene Monomer CFR Latin America is trading at $1896/MT, remained stable $22/MT from last week. Market participants expect prices to remain stable in the coming weeks based on feedstock movements.",@MARKET_DOCUMENTS/Aromatics/2025-09.pdf,John Williams
27,2025-09-11,SUPPLY_ANALYSIS,Polymers Market Update: Latin America - September 2025,Wood Mackenzie,LDPE Injection Grade,Latin America,Supply constraints for LDPE Injection Grade in Latin America are expected to persist through Q3. Key factors include planned maintenance at 5 major facilities and unexpected outages in the upstream na...,Supply constraints for LDPE Injection Grade in Latin America are expected to persist through Q3. Key factors include planned maintenance at 5 major facilities and unexpected outages in the upstream naphtha supply chain. Prices have risen 7.7% week-over-week.,@MARKET_DOCUMENTS/Polymers/2025-09.pdf,Michael Chen
28,2025-09-11,TRADE_JOURNAL,Polymers Market Update: Asia Pacific - September 2025,Wood Mackenzie,HDPE Film Grade,Asia Pacific,"Price assessment: HDPE Film Grade CFR Asia Pacific is trading at $1854/MT, remained stable $16/MT from last week. Market participants expect prices to soften in the coming weeks based on feedstock mov...","Price assessment: HDPE Film Grade CFR Asia Pacific is trading at $1854/MT, remained stable $16/MT from last week. Market participants expect prices to soften in the coming weeks based on feedstock movements.",@MARKET_DOCUMENTS/Polymers/2025-09.pdf,Michael Chen
29,2025-09-11,SUPPLY_ANALYSIS,Aromatics Market Update: Asia Pacific - September 2025,IHS Markit,Mixed Xylenes,Asia Pacific,The Asia Pacific Mixed Xylenes market is experiencing tightness due to reduced imports from Asia. Local producers are operating at 76% capacity utilization. Spot availability is limited with premiums ...,The Asia Pacific Mixed Xylenes market is experiencing tightness due to reduced imports from Asia. Local producers are operating at 76% capacity utilization. Spot availability is limited with premiums of $77/MT over contract prices.,@MARKET_DOCUMENTS/Aromatics/2025-09.pdf,John Smith
30,2025-09-11,TRADE_JOURNAL,Olefins Market Update: Middle East - September 2025,IHS Markit,Butadiene,Middle East,The spread between Butadiene and feedstock naphtha has widened to $328/MT. Producers report margins are healthy. Contract negotiations for next quarter are contentious....,The spread between Butadiene and feedstock naphtha has widened to $328/MT. Producers report margins are healthy. Contract negotiations for next quarter are contentious.,@MARKET_DOCUMENTS/Olefins/2025-09.pdf,Michael Johnson
31,2025-09-11,SUPPLY_ANALYSIS,Intermediates Market Update: Europe - September 2025,IHS Markit,Monoethylene Glycol,Europe,Force majeure declared at Global Chemical Co Monoethylene Glycol unit in Europe has removed approximately 500kt/year of capacity from the market. Recovery is expected in 8 weeks. Buyers are seeking al...,Force majeure declared at Global Chemical Co Monoethylene Glycol unit in Europe has removed approximately 500kt/year of capacity from the market. Recovery is expected in 8 weeks. Buyers are seeking alternative sources.,@MARKET_DOCUMENTS/Intermediates/2025-09.pdf,Sarah Williams
32,2025-09-17,MARKET_OUTLOOK,Polymers Market Update: Middle East - September 2025,ChemWeek,Polystyrene GPPS,Middle East,The Middle East Polystyrene GPPS market outlook remains positive for the next quarter. Automotive and construction sectors are showing weak demand signals. Export opportunities to Europe are expanding...,The Middle East Polystyrene GPPS market outlook remains positive for the next quarter. Automotive and construction sectors are showing weak demand signals. Export opportunities to Europe are expanding.,@MARKET_DOCUMENTS/Polymers/2025-09.pdf,Michael Johnson
33,2025-09-17,EARNINGS_CALL,Olefins Market Update: North America - September 2025,ChemWeek,Ethylene,North America,"Price assessment: Ethylene CFR North America is trading at $860/MT, decreased $48/MT from last week. Market participants expect prices to soften in the coming weeks based on feedstock movements....","Price assessment: Ethylene CFR North America is trading at $860/MT, decreased $48/MT from last week. Market participants expect prices to soften in the coming weeks based on feedstock movements.",@MARKET_DOCUMENTS/Olefins/2025-09.pdf,Emily Williams
34,2025-09-23,MARKET_OUTLOOK,Aromatics Market Update: Europe - September 2025,Morgan Stanley,Styrene Monomer,Europe,Demand for Styrene Monomer in Europe has decreased by 3.0% compared to the same period last year. Key end-use sectors driving this trend include electronics and consumer goods. Inventory levels at con...,Demand for Styrene Monomer in Europe has decreased by 3.0% compared to the same period last year. Key end-use sectors driving this trend include electronics and consumer goods. Inventory levels at converters remain high.,@MARKET_DOCUMENTS/Aromatics/2025-09.pdf,John Smith
35,2025-09-23,TRADE_JOURNAL,Aromatics Market Update: Asia Pacific - September 2025,ChemWeek,Toluene,Asia Pacific,"Price assessment: Toluene CFR Asia Pacific is trading at $1668/MT, increased $-30/MT from last week. Market participants expect prices to strengthen in the coming weeks based on feedstock movements....","Price assessment: Toluene CFR Asia Pacific is trading at $1668/MT, increased $-30/MT from last week. Market participants expect prices to strengthen in the coming weeks based on feedstock movements.",@MARKET_DOCUMENTS/Aromatics/2025-09.pdf,Sarah Williams
36,2025-09-23,TRADE_JOURNAL,Aromatics Market Update: Europe - September 2025,IHS Markit,Benzene,Europe,The spread between Benzene and feedstock naphtha has narrowed to $317/MT. Producers report margins are under pressure. Contract negotiations for next quarter are ongoing....,The spread between Benzene and feedstock naphtha has narrowed to $317/MT. Producers report margins are under pressure. Contract negotiations for next quarter are ongoing.,@MARKET_DOCUMENTS/Aromatics/2025-09.pdf,Emily Johnson
37,2025-09-23,SUPPLY_ANALYSIS,Polymers Market Update: Europe - September 2025,Morgan Stanley,PVC Suspension Grade,Europe,The Europe PVC Suspension Grade market is experiencing tightness due to reduced imports from Asia. Local producers are operating at 90% capacity utilization. Spot availability is limited with premiums...,The Europe PVC Suspension Grade market is experiencing tightness due to reduced imports from Asia. Local producers are operating at 90% capacity utilization. Spot availability is limited with premiums of $81/MT over contract prices.,@MARKET_DOCUMENTS/Polymers/2025-09.pdf,John Smith
38,2025-09-23,SUPPLY_ANALYSIS,Aromatics Market Update: Asia Pacific - September 2025,ICIS,Styrene Monomer,Asia Pacific,The Asia Pacific Styrene Monomer market is experiencing tightness due to reduced imports from Asia. Local producers are operating at 78% capacity utilization. Spot availability is limited with premium...,The Asia Pacific Styrene Monomer market is experiencing tightness due to reduced imports from Asia. Local producers are operating at 78% capacity utilization. Spot availability is limited with premiums of $45/MT over contract prices.,@MARKET_DOCUMENTS/Aromatics/2025-09.pdf,Emily Williams
39,2025-09-29,SUPPLY_ANALYSIS,Polymers Market Update: Europe - September 2025,Wood Mackenzie,Polypropylene Copolymer,Europe,Force majeure declared at Regional Supplier Polypropylene Copolymer unit in Europe has removed approximately 308kt/year of capacity from the market. Recovery is expected in 3 weeks. Buyers are seeking...,Force majeure declared at Regional Supplier Polypropylene Copolymer unit in Europe has removed approximately 308kt/year of capacity from the market. Recovery is expected in 3 weeks. Buyers are seeking alternative sources.,@MARKET_DOCUMENTS/Polymers/2025-09.pdf,Emily Smith
40,2025-09-29,TRADE_JOURNAL,Polymers Market Update: Europe - September 2025,Goldman Sachs,PVC Suspension Grade,Europe,The spread between PVC Suspension Grade and feedstock naphtha has widened to $400/MT. Producers report margins are healthy. Contract negotiations for next quarter are contentious....,The spread between PVC Suspension Grade and feedstock naphtha has widened to $400/MT. Producers report margins are healthy. Contract negotiations for next quarter are contentious.,@MARKET_DOCUMENTS/Polymers/2025-09.pdf,Michael Smith
41,2025-09-29,MARKET_OUTLOOK,Intermediates Market Update: Latin America - September 2025,Platts,Diethylene Glycol,Latin America,The Latin America Diethylene Glycol market outlook remains challenging for the next quarter. Automotive and construction sectors are showing mixed demand signals. Export opportunities to Latin America...,The Latin America Diethylene Glycol market outlook remains challenging for the next quarter. Automotive and construction sectors are showing mixed demand signals. Export opportunities to Latin America are limited.,@MARKET_DOCUMENTS/Intermediates/2025-09.pdf,Emily Smith
42,2025-09-29,ANALYST_REPORT,Aromatics Market Update: Latin America - September 2025,ICIS,Toluene,Latin America,"Price assessment: Toluene CFR Latin America is trading at $835/MT, remained stable $4/MT from last week. Market participants expect prices to soften in the coming weeks based on feedstock movements....","Price assessment: Toluene CFR Latin America is trading at $835/MT, remained stable $4/MT from last week. Market participants expect prices to soften in the coming weeks based on feedstock movements.",@MARKET_DOCUMENTS/Aromatics/2025-09.pdf,John Chen
43,2025-10-05,SUPPLY_ANALYSIS,Aromatics Market Update: Europe - October 2025,Wood Mackenzie,Benzene,Europe,Force majeure declared at Major Producer Benzene unit in Europe has removed approximately 380kt/year of capacity from the market. Recovery is expected in 6 weeks. Buyers are seeking alternative source...,Force majeure declared at Major Producer Benzene unit in Europe has removed approximately 380kt/year of capacity from the market. Recovery is expected in 6 weeks. Buyers are seeking alternative sources.,@MARKET_DOCUMENTS/Aromatics/2025-10.pdf,John Johnson
44,2025-10-05,ANALYST_REPORT,Intermediates Market Update: Latin America - October 2025,Morgan Stanley,Monoethylene Glycol,Latin America,The spread between Monoethylene Glycol and feedstock naphtha has narrowed to $196/MT. Producers report margins are improving. Contract negotiations for next quarter are contentious....,The spread between Monoethylene Glycol and feedstock naphtha has narrowed to $196/MT. Producers report margins are improving. Contract negotiations for next quarter are contentious.,@MARKET_DOCUMENTS/Intermediates/2025-10.pdf,Sarah Smith
45,2025-10-05,TRADE_JOURNAL,Polymers Market Update: Europe - October 2025,Goldman Sachs,Polypropylene Homopolymer,Europe,"Price assessment: Polypropylene Homopolymer CFR Europe is trading at $1167/MT, increased $-25/MT from last week. Market participants expect prices to remain stable in the coming weeks based on feedsto...","Price assessment: Polypropylene Homopolymer CFR Europe is trading at $1167/MT, increased $-25/MT from last week. Market participants expect prices to remain stable in the coming weeks based on feedstock movements.",@MARKET_DOCUMENTS/Polymers/2025-10.pdf,Michael Chen
46,2025-10-05,MARKET_OUTLOOK,Polymers Market Update: North America - October 2025,Goldman Sachs,HDPE Film Grade,North America,The North America HDPE Film Grade market outlook remains cautious for the next quarter. Automotive and construction sectors are showing weak demand signals. Export opportunities to Latin America are c...,The North America HDPE Film Grade market outlook remains cautious for the next quarter. Automotive and construction sectors are showing weak demand signals. Export opportunities to Latin America are competitive.,@MARKET_DOCUMENTS/Polymers/2025-10.pdf,Michael Chen
47,2025-10-11,MARKET_OUTLOOK,Intermediates Market Update: Middle East - October 2025,Wood Mackenzie,Methyl Methacrylate,Middle East,Consumer demand in Middle East for Methyl Methacrylate-based products has decreased following seasonal patterns. Packaging demand is subdued while industrial applications show improving growth....,Consumer demand in Middle East for Methyl Methacrylate-based products has decreased following seasonal patterns. Packaging demand is subdued while industrial applications show improving growth.,@MARKET_DOCUMENTS/Intermediates/2025-10.pdf,John Williams
48,2025-10-11,EARNINGS_CALL,Polymers Market Update: Europe - October 2025,ChemWeek,Polypropylene Homopolymer,Europe,The spread between Polypropylene Homopolymer and feedstock naphtha has stabilized to $233/MT. Producers report margins are under pressure. Contract negotiations for next quarter are ongoing....,The spread between Polypropylene Homopolymer and feedstock naphtha has stabilized to $233/MT. Producers report margins are under pressure. Contract negotiations for next quarter are ongoing.,@MARKET_DOCUMENTS/Polymers/2025-10.pdf,Sarah Williams
49,2025-10-11,MARKET_OUTLOOK,Polymers Market Update: North America - October 2025,ICIS,Polystyrene GPPS,North America,Consumer demand in North America for Polystyrene GPPS-based products has remained stable following seasonal patterns. Packaging demand is moderate while industrial applications show improving growth....,Consumer demand in North America for Polystyrene GPPS-based products has remained stable following seasonal patterns. Packaging demand is moderate while industrial applications show improving growth.,@MARKET_DOCUMENTS/Polymers/2025-10.pdf,Michael Smith
50,2025-10-11,SUPPLY_ANALYSIS,Polymers Market Update: Europe - October 2025,Goldman Sachs,LDPE Injection Grade,Europe,The Europe LDPE Injection Grade market is experiencing tightness due to reduced imports from Asia. Local producers are operating at 93% capacity utilization. Spot availability is limited with premiums...,The Europe LDPE Injection Grade market is experiencing tightness due to reduced imports from Asia. Local producers are operating at 93% capacity utilization. Spot availability is limited with premiums of $61/MT over contract prices.,@MARKET_DOCUMENTS/Polymers/2025-10.pdf,Michael Johnson
51,2025-10-17,MARKET_OUTLOOK,Intermediates Market Update: North America - October 2025,IHS Markit,Acrylonitrile,North America,Demand for Acrylonitrile in North America has increased by -7.0% compared to the same period last year. Key end-use sectors driving this trend include automotive and agriculture. Inventory levels at c...,Demand for Acrylonitrile in North America has increased by -7.0% compared to the same period last year. Key end-use sectors driving this trend include automotive and agriculture. Inventory levels at converters remain low.,@MARKET_DOCUMENTS/Intermediates/2025-10.pdf,John Chen
52,2025-10-17,MARKET_OUTLOOK,Aromatics Market Update: Latin America - October 2025,ChemWeek,Toluene,Latin America,The Latin America Toluene market outlook remains cautious for the next quarter. Automotive and construction sectors are showing strong demand signals. Export opportunities to Latin America are competi...,The Latin America Toluene market outlook remains cautious for the next quarter. Automotive and construction sectors are showing strong demand signals. Export opportunities to Latin America are competitive.,@MARKET_DOCUMENTS/Aromatics/2025-10.pdf,John Chen
53,2025-10-17,SUPPLY_ANALYSIS,Polymers Market Update: Asia Pacific - October 2025,Morgan Stanley,Polystyrene GPPS,Asia Pacific,Supply constraints for Polystyrene GPPS in Asia Pacific are expected to persist through Q4. Key factors include planned maintenance at 4 major facilities and unexpected outages in the upstream naphtha...,Supply constraints for Polystyrene GPPS in Asia Pacific are expected to persist through Q4. Key factors include planned maintenance at 4 major facilities and unexpected outages in the upstream naphtha supply chain. Prices have risen 6.6% week-over-week.,@MARKET_DOCUMENTS/Polymers/2025-10.pdf,John Johnson
54,2025-10-17,SUPPLY_ANALYSIS,Aromatics Market Update: Latin America - October 2025,ICIS,Styrene Monomer,Latin America,Force majeure declared at Major Producer Styrene Monomer unit in Latin America has removed approximately 170kt/year of capacity from the market. Recovery is expected in 5 weeks. Buyers are seeking alt...,Force majeure declared at Major Producer Styrene Monomer unit in Latin America has removed approximately 170kt/year of capacity from the market. Recovery is expected in 5 weeks. Buyers are seeking alternative sources.,@MARKET_DOCUMENTS/Aromatics/2025-10.pdf,John Williams
55,2025-10-17,TRADE_JOURNAL,Aromatics Market Update: Asia Pacific - October 2025,Morgan Stanley,Toluene,Asia Pacific,The spread between Toluene and feedstock naphtha has narrowed to $244/MT. Producers report margins are improving. Contract negotiations for next quarter are concluded....,The spread between Toluene and feedstock naphtha has narrowed to $244/MT. Producers report margins are improving. Contract negotiations for next quarter are concluded.,@MARKET_DOCUMENTS/Aromatics/2025-10.pdf,Sarah Chen
56,2025-10-23,TRADE_JOURNAL,Intermediates Market Update: North America - October 2025,IHS Markit,Diethylene Glycol,North America,"Price assessment: Diethylene Glycol CFR North America is trading at $1023/MT, increased $45/MT from last week. Market participants expect prices to strengthen in the coming weeks based on feedstock mo...","Price assessment: Diethylene Glycol CFR North America is trading at $1023/MT, increased $45/MT from last week. Market participants expect prices to strengthen in the coming weeks based on feedstock movements.",@MARKET_DOCUMENTS/Intermediates/2025-10.pdf,Michael Williams
57,2025-10-23,TRADE_JOURNAL,Olefins Market Update: Latin America - October 2025,IHS Markit,Butadiene,Latin America,"Price assessment: Butadiene CFR Latin America is trading at $1817/MT, increased $-37/MT from last week. Market participants expect prices to soften in the coming weeks based on feedstock movements....","Price assessment: Butadiene CFR Latin America is trading at $1817/MT, increased $-37/MT from last week. Market participants expect prices to soften in the coming weeks based on feedstock movements.",@MARKET_DOCUMENTS/Olefins/2025-10.pdf,John Chen
58,2025-10-23,EARNINGS_CALL,Olefins Market Update: Europe - October 2025,Wood Mackenzie,Propylene Chemical Grade,Europe,"Price assessment: Propylene Chemical Grade CFR Europe is trading at $1848/MT, increased $-3/MT from last week. Market participants expect prices to soften in the coming weeks based on feedstock moveme...","Price assessment: Propylene Chemical Grade CFR Europe is trading at $1848/MT, increased $-3/MT from last week. Market participants expect prices to soften in the coming weeks based on feedstock movements.",@MARKET_DOCUMENTS/Olefins/2025-10.pdf,Michael Williams
59,2025-10-29,ANALYST_REPORT,Polymers Market Update: Latin America - October 2025,Wood Mackenzie,HDPE Film Grade,Latin America,"Price assessment: HDPE Film Grade CFR Latin America is trading at $1428/MT, increased $68/MT from last week. Market participants expect prices to remain stable in the coming weeks based on feedstock m...","Price assessment: HDPE Film Grade CFR Latin America is trading at $1428/MT, increased $68/MT from last week. Market participants expect prices to remain stable in the coming weeks based on feedstock movements.",@MARKET_DOCUMENTS/Polymers/2025-10.pdf,Michael Williams
60,2025-10-29,MARKET_OUTLOOK,Polymers Market Update: Asia Pacific - October 2025,ICIS,Polypropylene Copolymer,Asia Pacific,Demand for Polypropylene Copolymer in Asia Pacific has decreased by 3.0% compared to the same period last year. Key end-use sectors driving this trend include packaging and textiles. Inventory levels ...,Demand for Polypropylene Copolymer in Asia Pacific has decreased by 3.0% compared to the same period last year. Key end-use sectors driving this trend include packaging and textiles. Inventory levels at converters remain high.,@MARKET_DOCUMENTS/Polymers/2025-10.pdf,Sarah Johnson
61,2025-10-29,TRADE_JOURNAL,Olefins Market Update: Asia Pacific - October 2025,Wood Mackenzie,Propylene Chemical Grade,Asia Pacific,"Price assessment: Propylene Chemical Grade CFR Asia Pacific is trading at $1755/MT, remained stable $19/MT from last week. Market participants expect prices to remain stable in the coming weeks based ...","Price assessment: Propylene Chemical Grade CFR Asia Pacific is trading at $1755/MT, remained stable $19/MT from last week. Market participants expect prices to remain stable in the coming weeks based on feedstock movements.",@MARKET_DOCUMENTS/Olefins/2025-10.pdf,John Chen
62,2025-11-04,EARNINGS_CALL,Olefins Market Update: Europe - November 2025,Platts,Ethylene,Europe,The spread between Ethylene and feedstock naphtha has widened to $321/MT. Producers report margins are healthy. Contract negotiations for next quarter are concluded....,The spread between Ethylene and feedstock naphtha has widened to $321/MT. Producers report margins are healthy. Contract negotiations for next quarter are concluded.,@MARKET_DOCUMENTS/Olefins/2025-11.pdf,Michael Chen
63,2025-11-04,TRADE_JOURNAL,Polymers Market Update: Middle East - November 2025,IHS Markit,PVC Suspension Grade,Middle East,The spread between PVC Suspension Grade and feedstock naphtha has narrowed to $253/MT. Producers report margins are healthy. Contract negotiations for next quarter are concluded....,The spread between PVC Suspension Grade and feedstock naphtha has narrowed to $253/MT. Producers report margins are healthy. Contract negotiations for next quarter are concluded.,@MARKET_DOCUMENTS/Polymers/2025-11.pdf,Emily Chen
64,2025-11-04,ANALYST_REPORT,Olefins Market Update: Asia Pacific - November 2025,Platts,Propylene Chemical Grade,Asia Pacific,"Price assessment: Propylene Chemical Grade CFR Asia Pacific is trading at $1379/MT, remained stable $-24/MT from last week. Market participants expect prices to soften in the coming weeks based on fee...","Price assessment: Propylene Chemical Grade CFR Asia Pacific is trading at $1379/MT, remained stable $-24/MT from last week. Market participants expect prices to soften in the coming weeks based on feedstock movements.",@MARKET_DOCUMENTS/Olefins/2025-11.pdf,Michael Johnson
65,2025-11-10,ANALYST_REPORT,Intermediates Market Update: Latin America - November 2025,Wood Mackenzie,Monoethylene Glycol,Latin America,The spread between Monoethylene Glycol and feedstock naphtha has narrowed to $357/MT. Producers report margins are healthy. Contract negotiations for next quarter are contentious....,The spread between Monoethylene Glycol and feedstock naphtha has narrowed to $357/MT. Producers report margins are healthy. Contract negotiations for next quarter are contentious.,@MARKET_DOCUMENTS/Intermediates/2025-11.pdf,Emily Johnson
66,2025-11-10,SUPPLY_ANALYSIS,Aromatics Market Update: Middle East - November 2025,Morgan Stanley,Styrene Monomer,Middle East,Supply constraints for Styrene Monomer in Middle East are expected to persist through Q4. Key factors include planned maintenance at 3 major facilities and unexpected outages in the upstream naphtha s...,Supply constraints for Styrene Monomer in Middle East are expected to persist through Q4. Key factors include planned maintenance at 3 major facilities and unexpected outages in the upstream naphtha supply chain. Prices have risen 2.4% week-over-week.,@MARKET_DOCUMENTS/Aromatics/2025-11.pdf,Emily Smith
67,2025-11-10,ANALYST_REPORT,Polymers Market Update: Middle East - November 2025,ChemWeek,LDPE Injection Grade,Middle East,"Price assessment: LDPE Injection Grade CFR Middle East is trading at $1328/MT, decreased $-1/MT from last week. Market participants expect prices to remain stable in the coming weeks based on feedstoc...","Price assessment: LDPE Injection Grade CFR Middle East is trading at $1328/MT, decreased $-1/MT from last week. Market participants expect prices to remain stable in the coming weeks based on feedstock movements.",@MARKET_DOCUMENTS/Polymers/2025-11.pdf,Emily Chen
68,2025-11-10,MARKET_OUTLOOK,Polymers Market Update: Asia Pacific - November 2025,Goldman Sachs,LLDPE C4,Asia Pacific,Demand for LLDPE C4 in Asia Pacific has decreased by -3.8% compared to the same period last year. Key end-use sectors driving this trend include electronics and medical. Inventory levels at converters...,Demand for LLDPE C4 in Asia Pacific has decreased by -3.8% compared to the same period last year. Key end-use sectors driving this trend include electronics and medical. Inventory levels at converters remain low.,@MARKET_DOCUMENTS/Polymers/2025-11.pdf,Emily Williams
69,2025-11-16,ANALYST_REPORT,Aromatics Market Update: Europe - November 2025,Platts,Toluene,Europe,The spread between Toluene and feedstock naphtha has widened to $170/MT. Producers report margins are healthy. Contract negotiations for next quarter are concluded....,The spread between Toluene and feedstock naphtha has widened to $170/MT. Producers report margins are healthy. Contract negotiations for next quarter are concluded.,@MARKET_DOCUMENTS/Aromatics/2025-11.pdf,Michael Williams
70,2025-11-16,SUPPLY_ANALYSIS,Intermediates Market Update: North America - November 2025,ChemWeek,Monoethylene Glycol,North America,Supply constraints for Monoethylene Glycol in North America are expected to persist through Q4. Key factors include planned maintenance at 4 major facilities and unexpected outages in the upstream nap...,Supply constraints for Monoethylene Glycol in North America are expected to persist through Q4. Key factors include planned maintenance at 4 major facilities and unexpected outages in the upstream naphtha supply chain. Prices have risen 13.8% week-over-week.,@MARKET_DOCUMENTS/Intermediates/2025-11.pdf,Emily Williams
71,2025-11-16,EARNINGS_CALL,Polymers Market Update: Latin America - November 2025,Wood Mackenzie,Polypropylene Copolymer,Latin America,"Price assessment: Polypropylene Copolymer CFR Latin America is trading at $1882/MT, decreased $7/MT from last week. Market participants expect prices to strengthen in the coming weeks based on feedsto...","Price assessment: Polypropylene Copolymer CFR Latin America is trading at $1882/MT, decreased $7/MT from last week. Market participants expect prices to strengthen in the coming weeks based on feedstock movements.",@MARKET_DOCUMENTS/Polymers/2025-11.pdf,Emily Chen
72,2025-11-16,SUPPLY_ANALYSIS,Polymers Market Update: Europe - November 2025,ICIS,Polystyrene GPPS,Europe,The Europe Polystyrene GPPS market is experiencing tightness due to reduced imports from Asia. Local producers are operating at 87% capacity utilization. Spot availability is limited with premiums of ...,The Europe Polystyrene GPPS market is experiencing tightness due to reduced imports from Asia. Local producers are operating at 87% capacity utilization. Spot availability is limited with premiums of $62/MT over contract prices.,@MARKET_DOCUMENTS/Polymers/2025-11.pdf,Michael Smith
73,2025-11-22,TRADE_JOURNAL,Polymers Market Update: North America - November 2025,ICIS,LLDPE C4,North America,The spread between LLDPE C4 and feedstock naphtha has stabilized to $155/MT. Producers report margins are healthy. Contract negotiations for next quarter are ongoing....,The spread between LLDPE C4 and feedstock naphtha has stabilized to $155/MT. Producers report margins are healthy. Contract negotiations for next quarter are ongoing.,@MARKET_DOCUMENTS/Polymers/2025-11.pdf,John Williams
74,2025-11-22,TRADE_JOURNAL,Polymers Market Update: Latin America - November 2025,ChemWeek,Polypropylene Homopolymer,Latin America,"Price assessment: Polypropylene Homopolymer CFR Latin America is trading at $1318/MT, decreased $-12/MT from last week. Market participants expect prices to soften in the coming weeks based on feedsto...","Price assessment: Polypropylene Homopolymer CFR Latin America is trading at $1318/MT, decreased $-12/MT from last week. Market participants expect prices to soften in the coming weeks based on feedstock movements.",@MARKET_DOCUMENTS/Polymers/2025-11.pdf,John Smith
75,2025-11-22,SUPPLY_ANALYSIS,Olefins Market Update: North America - November 2025,Goldman Sachs,Butadiene,North America,Force majeure declared at Regional Supplier Butadiene unit in North America has removed approximately 427kt/year of capacity from the market. Recovery is expected in 4 weeks. Buyers are seeking altern...,Force majeure declared at Regional Supplier Butadiene unit in North America has removed approximately 427kt/year of capacity from the market. Recovery is expected in 4 weeks. Buyers are seeking alternative sources.,@MARKET_DOCUMENTS/Olefins/2025-11.pdf,John Johnson
76,2025-11-28,MARKET_OUTLOOK,Polymers Market Update: Latin America - November 2025,Wood Mackenzie,Polypropylene Copolymer,Latin America,The Latin America Polypropylene Copolymer market outlook remains stable for the next quarter. Automotive and construction sectors are showing mixed demand signals. Export opportunities to Asia are exp...,The Latin America Polypropylene Copolymer market outlook remains stable for the next quarter. Automotive and construction sectors are showing mixed demand signals. Export opportunities to Asia are expanding.,@MARKET_DOCUMENTS/Polymers/2025-11.pdf,John Chen
77,2025-11-28,EARNINGS_CALL,Polymers Market Update: Latin America - November 2025,IHS Markit,LDPE Injection Grade,Latin America,The spread between LDPE Injection Grade and feedstock naphtha has widened to $260/MT. Producers report margins are improving. Contract negotiations for next quarter are contentious....,The spread between LDPE Injection Grade and feedstock naphtha has widened to $260/MT. Producers report margins are improving. Contract negotiations for next quarter are contentious.,@MARKET_DOCUMENTS/Polymers/2025-11.pdf,Emily Williams
78,2025-11-28,MARKET_OUTLOOK,Intermediates Market Update: Middle East - November 2025,ChemWeek,Methyl Methacrylate,Middle East,Demand for Methyl Methacrylate in Middle East has increased by -4.5% compared to the same period last year. Key end-use sectors driving this trend include packaging and textiles. Inventory levels at c...,Demand for Methyl Methacrylate in Middle East has increased by -4.5% compared to the same period last year. Key end-use sectors driving this trend include packaging and textiles. Inventory levels at converters remain moderate.,@MARKET_DOCUMENTS/Intermediates/2025-11.pdf,Michael Smith
79,2025-11-28,ANALYST_REPORT,Polymers Market Update: Asia Pacific - November 2025,Platts,Polypropylene Homopolymer,Asia Pacific,"Price assessment: Polypropylene Homopolymer CFR Asia Pacific is trading at $904/MT, remained stable $-34/MT from last week. Market participants expect prices to soften in the coming weeks based on fee...","Price assessment: Polypropylene Homopolymer CFR Asia Pacific is trading at $904/MT, remained stable $-34/MT from last week. Market participants expect prices to soften in the coming weeks based on feedstock movements.",@MARKET_DOCUMENTS/Polymers/2025-11.pdf,Michael Williams
80,2025-11-28,ANALYST_REPORT,Polymers Market Update: Latin America - November 2025,ICIS,Polystyrene GPPS,Latin America,The spread between Polystyrene GPPS and feedstock naphtha has stabilized to $225/MT. Producers report margins are under pressure. Contract negotiations for next quarter are concluded....,The spread between Polystyrene GPPS and feedstock naphtha has stabilized to $225/MT. Producers report margins are under pressure. Contract negotiations for next quarter are concluded.,@MARKET_DOCUMENTS/Polymers/2025-11.pdf,Sarah Chen
81,2025-12-04,ANALYST_REPORT,Olefins Market Update: North America - December 2025,IHS Markit,Propylene Polymer Grade,North America,"Price assessment: Propylene Polymer Grade CFR North America is trading at $1026/MT, remained stable $-5/MT from last week. Market participants expect prices to strengthen in the coming weeks based on ...","Price assessment: Propylene Polymer Grade CFR North America is trading at $1026/MT, remained stable $-5/MT from last week. Market participants expect prices to strengthen in the coming weeks based on feedstock movements.",@MARKET_DOCUMENTS/Olefins/2025-12.pdf,Sarah Williams
82,2025-12-04,TRADE_JOURNAL,Polymers Market Update: Middle East - December 2025,ChemWeek,LLDPE C4,Middle East,The spread between LLDPE C4 and feedstock naphtha has stabilized to $338/MT. Producers report margins are under pressure. Contract negotiations for next quarter are concluded....,The spread between LLDPE C4 and feedstock naphtha has stabilized to $338/MT. Producers report margins are under pressure. Contract negotiations for next quarter are concluded.,@MARKET_DOCUMENTS/Polymers/2025-12.pdf,Emily Smith
83,2025-12-10,SUPPLY_ANALYSIS,Polymers Market Update: Middle East - December 2025,IHS Markit,LDPE Injection Grade,Middle East,Supply constraints for LDPE Injection Grade in Middle East are expected to persist through Q4. Key factors include planned maintenance at 3 major facilities and unexpected outages in the upstream naph...,Supply constraints for LDPE Injection Grade in Middle East are expected to persist through Q4. Key factors include planned maintenance at 3 major facilities and unexpected outages in the upstream naphtha supply chain. Prices have risen 5.7% week-over-week.,@MARKET_DOCUMENTS/Polymers/2025-12.pdf,Emily Williams
84,2025-12-10,MARKET_OUTLOOK,Aromatics Market Update: Asia Pacific - December 2025,Wood Mackenzie,Benzene,Asia Pacific,Consumer demand in Asia Pacific for Benzene-based products has increased following seasonal patterns. Packaging demand is moderate while industrial applications show declining growth....,Consumer demand in Asia Pacific for Benzene-based products has increased following seasonal patterns. Packaging demand is moderate while industrial applications show declining growth.,@MARKET_DOCUMENTS/Aromatics/2025-12.pdf,John Smith
85,2025-12-10,EARNINGS_CALL,Polymers Market Update: Asia Pacific - December 2025,Platts,HDPE Film Grade,Asia Pacific,"Price assessment: HDPE Film Grade CFR Asia Pacific is trading at $1720/MT, increased $51/MT from last week. Market participants expect prices to strengthen in the coming weeks based on feedstock movem...","Price assessment: HDPE Film Grade CFR Asia Pacific is trading at $1720/MT, increased $51/MT from last week. Market participants expect prices to strengthen in the coming weeks based on feedstock movements.",@MARKET_DOCUMENTS/Polymers/2025-12.pdf,Sarah Williams
86,2025-12-10,EARNINGS_CALL,Polymers Market Update: Asia Pacific - December 2025,Wood Mackenzie,Polypropylene Copolymer,Asia Pacific,"Price assessment: Polypropylene Copolymer CFR Asia Pacific is trading at $1678/MT, remained stable $31/MT from last week. Market participants expect prices to strengthen in the coming weeks based on f...","Price assessment: Polypropylene Copolymer CFR Asia Pacific is trading at $1678/MT, remained stable $31/MT from last week. Market participants expect prices to strengthen in the coming weeks based on feedstock movements.",@MARKET_DOCUMENTS/Polymers/2025-12.pdf,John Chen
87,2025-12-16,SUPPLY_ANALYSIS,Intermediates Market Update: North America - December 2025,ICIS,Methyl Methacrylate,North America,Supply constraints for Methyl Methacrylate in North America are expected to persist through Q4. Key factors include planned maintenance at 4 major facilities and unexpected outages in the upstream nap...,Supply constraints for Methyl Methacrylate in North America are expected to persist through Q4. Key factors include planned maintenance at 4 major facilities and unexpected outages in the upstream naphtha supply chain. Prices have risen 7.1% week-over-week.,@MARKET_DOCUMENTS/Intermediates/2025-12.pdf,John Williams
88,2025-12-16,MARKET_OUTLOOK,Intermediates Market Update: Latin America - December 2025,ICIS,Acrylonitrile,Latin America,Demand for Acrylonitrile in Latin America has remained stable by 1.7% compared to the same period last year. Key end-use sectors driving this trend include electronics and textiles. Inventory levels a...,Demand for Acrylonitrile in Latin America has remained stable by 1.7% compared to the same period last year. Key end-use sectors driving this trend include electronics and textiles. Inventory levels at converters remain moderate.,@MARKET_DOCUMENTS/Intermediates/2025-12.pdf,Michael Williams
89,2025-12-22,MARKET_OUTLOOK,Polymers Market Update: Europe - December 2025,Wood Mackenzie,PVC Suspension Grade,Europe,Consumer demand in Europe for PVC Suspension Grade-based products has remained stable following seasonal patterns. Packaging demand is subdued while industrial applications show declining growth....,Consumer demand in Europe for PVC Suspension Grade-based products has remained stable following seasonal patterns. Packaging demand is subdued while industrial applications show declining growth.,@MARKET_DOCUMENTS/Polymers/2025-12.pdf,John Williams
90,2025-12-22,EARNINGS_CALL,Olefins Market Update: Europe - December 2025,Platts,Butadiene,Europe,The spread between Butadiene and feedstock naphtha has widened to $275/MT. Producers report margins are improving. Contract negotiations for next quarter are concluded....,The spread between Butadiene and feedstock naphtha has widened to $275/MT. Producers report margins are improving. Contract negotiations for next quarter are concluded.,@MARKET_DOCUMENTS/Olefins/2025-12.pdf,Michael Johnson
91,2025-12-28,TRADE_JOURNAL,Polymers Market Update: Asia Pacific - December 2025,ICIS,Polystyrene GPPS,Asia Pacific,The spread between Polystyrene GPPS and feedstock naphtha has narrowed to $375/MT. Producers report margins are under pressure. Contract negotiations for next quarter are concluded....,The spread between Polystyrene GPPS and feedstock naphtha has narrowed to $375/MT. Producers report margins are under pressure. Contract negotiations for next quarter are concluded.,@MARKET_DOCUMENTS/Polymers/2025-12.pdf,Emily Johnson
92,2025-12-28,SUPPLY_ANALYSIS,Intermediates Market Update: Europe - December 2025,ICIS,Methyl Methacrylate,Europe,Force majeure declared at Global Chemical Co Methyl Methacrylate unit in Europe has removed approximately 175kt/year of capacity from the market. Recovery is expected in 7 weeks. Buyers are seeking al...,Force majeure declared at Global Chemical Co Methyl Methacrylate unit in Europe has removed approximately 175kt/year of capacity from the market. Recovery is expected in 7 weeks. Buyers are seeking alternative sources.,@MARKET_DOCUMENTS/Intermediates/2025-12.pdf,Michael Smith
93,2025-12-28,ANALYST_REPORT,Olefins Market Update: Europe - December 2025,Wood Mackenzie,Propylene Polymer Grade,Europe,"Price assessment: Propylene Polymer Grade CFR Europe is trading at $1011/MT, decreased $36/MT from last week. Market participants expect prices to soften in the coming weeks based on feedstock movemen...","Price assessment: Propylene Polymer Grade CFR Europe is trading at $1011/MT, decreased $36/MT from last week. Market participants expect prices to soften in the coming weeks based on feedstock movements.",@MARKET_DOCUMENTS/Olefins/2025-12.pdf,Michael Johnson
94,2025-12-28,ANALYST_REPORT,Polymers Market Update: Asia Pacific - December 2025,Goldman Sachs,Polypropylene Homopolymer,Asia Pacific,"Price assessment: Polypropylene Homopolymer CFR Asia Pacific is trading at $1321/MT, decreased $43/MT from last week. Market participants expect prices to soften in the coming weeks based on feedstock...","Price assessment: Polypropylene Homopolymer CFR Asia Pacific is trading at $1321/MT, decreased $43/MT from last week. Market participants expect prices to soften in the coming weeks based on feedstock movements.",@MARKET_DOCUMENTS/Polymers/2025-12.pdf,Michael Smith
95,2025-12-28,MARKET_OUTLOOK,Aromatics Market Update: North America - December 2025,Morgan Stanley,Benzene,North America,The North America Benzene market outlook remains cautious for the next quarter. Automotive and construction sectors are showing weak demand signals. Export opportunities to Europe are limited....,The North America Benzene market outlook remains cautious for the next quarter. Automotive and construction sectors are showing weak demand signals. Export opportunities to Europe are limited.,@MARKET_DOCUMENTS/Aromatics/2025-12.pdf,Sarah Johnson
96,2026-01-03,EARNINGS_CALL,Olefins Market Update: Asia Pacific - January 2026,ICIS,Butadiene,Asia Pacific,The spread between Butadiene and feedstock naphtha has stabilized to $365/MT. Producers report margins are under pressure. Contract negotiations for next quarter are ongoing....,The spread between Butadiene and feedstock naphtha has stabilized to $365/MT. Producers report margins are under pressure. Contract negotiations for next quarter are ongoing.,@MARKET_DOCUMENTS/Olefins/2026-01.pdf,Sarah Smith
97,2026-01-03,TRADE_JOURNAL,Polymers Market Update: Latin America - January 2026,IHS Markit,Polystyrene GPPS,Latin America,The spread between Polystyrene GPPS and feedstock naphtha has narrowed to $379/MT. Producers report margins are under pressure. Contract negotiations for next quarter are contentious....,The spread between Polystyrene GPPS and feedstock naphtha has narrowed to $379/MT. Producers report margins are under pressure. Contract negotiations for next quarter are contentious.,@MARKET_DOCUMENTS/Polymers/2026-01.pdf,John Johnson
98,2026-01-03,TRADE_JOURNAL,Intermediates Market Update: Asia Pacific - January 2026,ChemWeek,Diethylene Glycol,Asia Pacific,The spread between Diethylene Glycol and feedstock naphtha has stabilized to $302/MT. Producers report margins are healthy. Contract negotiations for next quarter are concluded....,The spread between Diethylene Glycol and feedstock naphtha has stabilized to $302/MT. Producers report margins are healthy. Contract negotiations for next quarter are concluded.,@MARKET_DOCUMENTS/Intermediates/2026-01.pdf,Michael Williams
99,2026-01-03,EARNINGS_CALL,Aromatics Market Update: Latin America - January 2026,Wood Mackenzie,Mixed Xylenes,Latin America,The spread between Mixed Xylenes and feedstock naphtha has stabilized to $234/MT. Producers report margins are improving. Contract negotiations for next quarter are ongoing....,The spread between Mixed Xylenes and feedstock naphtha has stabilized to $234/MT. Producers report margins are improving. Contract negotiations for next quarter are ongoing.,@MARKET_DOCUMENTS/Aromatics/2026-01.pdf,Sarah Williams
100,2026-01-03,MARKET_OUTLOOK,Olefins Market Update: Latin America - January 2026,ChemWeek,Propylene Chemical Grade,Latin America,The Latin America Propylene Chemical Grade market outlook remains stable for the next quarter. Automotive and construction sectors are showing weak demand signals. Export opportunities to Europe are e...,The Latin America Propylene Chemical Grade market outlook remains stable for the next quarter. Automotive and construction sectors are showing weak demand signals. Export opportunities to Europe are expanding.,@MARKET_DOCUMENTS/Olefins/2026-01.pdf,Sarah Chen
101,2026-01-09,MARKET_OUTLOOK,Intermediates Market Update: Middle East - January 2026,ICIS,Methyl Methacrylate,Middle East,Consumer demand in Middle East for Methyl Methacrylate-based products has increased following seasonal patterns. Packaging demand is subdued while industrial applications show declining growth....,Consumer demand in Middle East for Methyl Methacrylate-based products has increased following seasonal patterns. Packaging demand is subdued while industrial applications show declining growth.,@MARKET_DOCUMENTS/Intermediates/2026-01.pdf,Michael Williams
102,2026-01-09,SUPPLY_ANALYSIS,Aromatics Market Update: Latin America - January 2026,ICIS,Mixed Xylenes,Latin America,Supply constraints for Mixed Xylenes in Latin America are expected to persist through Q1. Key factors include planned maintenance at 2 major facilities and unexpected outages in the upstream naphtha s...,Supply constraints for Mixed Xylenes in Latin America are expected to persist through Q1. Key factors include planned maintenance at 2 major facilities and unexpected outages in the upstream naphtha supply chain. Prices have risen 11.3% week-over-week.,@MARKET_DOCUMENTS/Aromatics/2026-01.pdf,John Williams
103,2026-01-09,MARKET_OUTLOOK,Olefins Market Update: Latin America - January 2026,ICIS,Butadiene,Latin America,Consumer demand in Latin America for Butadiene-based products has remained stable following seasonal patterns. Packaging demand is subdued while industrial applications show improving growth....,Consumer demand in Latin America for Butadiene-based products has remained stable following seasonal patterns. Packaging demand is subdued while industrial applications show improving growth.,@MARKET_DOCUMENTS/Olefins/2026-01.pdf,John Chen
104,2026-01-09,TRADE_JOURNAL,Polymers Market Update: Europe - January 2026,ICIS,PVC Suspension Grade,Europe,The spread between PVC Suspension Grade and feedstock naphtha has narrowed to $231/MT. Producers report margins are healthy. Contract negotiations for next quarter are concluded....,The spread between PVC Suspension Grade and feedstock naphtha has narrowed to $231/MT. Producers report margins are healthy. Contract negotiations for next quarter are concluded.,@MARKET_DOCUMENTS/Polymers/2026-01.pdf,John Smith
105,2026-01-09,EARNINGS_CALL,Olefins Market Update: Latin America - January 2026,Platts,Ethylene,Latin America,"Price assessment: Ethylene CFR Latin America is trading at $1649/MT, remained stable $48/MT from last week. Market participants expect prices to soften in the coming weeks based on feedstock movements...","Price assessment: Ethylene CFR Latin America is trading at $1649/MT, remained stable $48/MT from last week. Market participants expect prices to soften in the coming weeks based on feedstock movements.",@MARKET_DOCUMENTS/Olefins/2026-01.pdf,John Williams
106,2026-01-15,ANALYST_REPORT,Polymers Market Update: Europe - January 2026,Platts,Polystyrene GPPS,Europe,"Price assessment: Polystyrene GPPS CFR Europe is trading at $1361/MT, decreased $-9/MT from last week. Market participants expect prices to soften in the coming weeks based on feedstock movements....","Price assessment: Polystyrene GPPS CFR Europe is trading at $1361/MT, decreased $-9/MT from last week. Market participants expect prices to soften in the coming weeks based on feedstock movements.",@MARKET_DOCUMENTS/Polymers/2026-01.pdf,Sarah Johnson
107,2026-01-15,MARKET_OUTLOOK,Olefins Market Update: Europe - January 2026,Goldman Sachs,Butadiene,Europe,Demand for Butadiene in Europe has decreased by 2.8% compared to the same period last year. Key end-use sectors driving this trend include electronics and consumer goods. Inventory levels at converter...,Demand for Butadiene in Europe has decreased by 2.8% compared to the same period last year. Key end-use sectors driving this trend include electronics and consumer goods. Inventory levels at converters remain moderate.,@MARKET_DOCUMENTS/Olefins/2026-01.pdf,Emily Johnson
